PLAYER_ID,PLAYER_NAME,NICKNAME,TEAM_ID,TEAM_ABBREVIATION,AGE,GP,W,L,W_PCT,MIN,FGM,FGA,FG_PCT,FG3M,FG3A,FG3_PCT,FTM,FTA,FT_PCT,OREB,DREB,REB,AST,TOV,STL,BLK,BLKA,PF,PFD,PTS,PLUS_MINUS,NBA_FANTASY_PTS,DD2,TD3,WNBA_FANTASY_PTS,GP_RANK,W_RANK,L_RANK,W_PCT_RANK,MIN_RANK,FGM_RANK,FGA_RANK,FG_PCT_RANK,FG3M_RANK,FG3A_RANK,FG3_PCT_RANK,FTM_RANK,FTA_RANK,FT_PCT_RANK,OREB_RANK,DREB_RANK,REB_RANK,AST_RANK,TOV_RANK,STL_RANK,BLK_RANK,BLKA_RANK,PF_RANK,PFD_RANK,PTS_RANK,PLUS_MINUS_RANK,NBA_FANTASY_PTS_RANK,DD2_RANK,TD3_RANK,WNBA_FANTASY_PTS_RANK,TEAM_COUNT
203932,Aaron Gordon,Aaron,1610612743,DEN,27.0,20,16,4,0.8,35.6,5.1,9.8,0.518,0.9,2.3,0.391,2.3,3.5,0.652,2.5,3.6,6.0,2.6,1.0,0.6,0.7,1.0,2.9,2.9,13.3,9.4,27.0,2,0,25.2,9,1,53,12,40,50,57,49,100,107,48,43,39,128,19,66,41,53,70,93,40,24,31,42,53,2,54,22,6,53,1
1628988,Aaron Holiday,Aaron,1610612737,ATL,26.0,1,1,0,1.0,3.9,0.0,0.0,0.0,0.0,0.0,0.0,0.0,0.0,0.0,0.0,0.0,0.0,1.0,1.0,0.0,0.0,0.0,0.0,0.0,0.0,-3.0,0.5,0,0,1.0,199,129,203,1,174,185,204,185,150,178,150,159,161,159,162,194,197,106,70,157,144,135,184,179,190,148,201,58,6,192,1
201143,Al Horford,Al,1610612738,BOS,37.0,20,11,9,0.55,30.8,2.6,6.6,0.386,1.4,4.7,0.298,0.2,0.2,0.75,1.5,5.7,7.2,3.0,0.6,1.1,1.7,0.2,2.4,0.4,6.7,3.0,27.5,1,0,23.8,9,17,7,51,55,101,91,145,67,51,110,155,157,95,39,25,29,45,120,31,7,119,66,146,104,26,52,37,6,62,1
203458,Alex Len,Alex,1610612758,SAC,30.0,7,3,4,0.429,7.8,1.0,1.3,0.778,0.0,0.0,0.0,0.7,0.9,0.833,1.0,1.9,2.9,0.1,1.0,0.0,0.4,0.1,2.1,0.9,2.7,3.4,6.6,0,0,6.6,78,85,53,107,152,143,171,6,150,178,150,104,111,65,64,112,106,177,70,157,62,120,76,115,147,20,139,58,6,137,1
1629599,Amir Coffey,Amir,1610612746,LAC,26.0,1,0,1,0.0,1.0,0.0,0.0,0.0,0.0,0.0,0.0,0.0,0.0,0.0,0.0,0.0,0.0,0.0,0.0,0.0,0.0,0.0,0.0,0.0,0.0,-2.0,0.0,0,0,0.0,199,186,179,186,210,185,204,185,150,178,150,159,161,159,162,194,197,180,178,157,144,135,184,179,190,129,206,58,6,206,1
203952,Andrew Wiggins,Andrew,1610612744,GSW,28.0,13,6,7,0.462,34.0,6.4,13.9,0.459,1.5,4.9,0.297,2.5,3.6,0.681,1.8,3.8,5.6,1.9,1.3,0.8,1.2,0.8,3.5,3.2,16.7,3.1,31.0,0,0,29.7,35,43,24,100,46,38,37,88,65,47,111,40,36,115,25,60,48,71,57,50,17,45,7,37,39,24,40,58,6,44,1
203076,Anthony Davis,Anthony,1610612747,LAL,30.0,16,8,8,0.5,38.0,8.3,15.9,0.52,0.3,0.9,0.333,5.8,6.8,0.852,2.4,11.7,14.1,2.6,2.1,1.4,3.1,1.0,2.9,5.3,22.6,3.4,54.7,13,0,48.5,26,27,17,71,23,20,29,48,127,142,81,9,11,59,20,1,1,56,34,20,1,24,32,11,24,21,5,3,6,10,1
1630162,Anthony Edwards,Anthony,1610612750,MIN,21.0,5,1,4,0.2,39.7,11.0,22.8,0.482,3.0,8.6,0.349,6.6,7.8,0.846,0.6,4.4,5.0,5.2,1.6,1.8,2.0,0.6,2.6,5.0,31.6,-3.0,55.2,0,0,52.4,117,129,53,155,10,5,4,68,4,6,77,5,6,61,103,43,57,25,47,8,3,53,42,14,3,148,3,58,6,4,1
1630237,Anthony Lamb,Anthony,1610612744,GSW,25.0,6,3,3,0.5,5.2,0.3,0.8,0.4,0.2,0.7,0.25,0.0,0.0,0.0,0.2,0.8,1.0,0.0,0.3,0.2,0.2,0.0,0.5,0.0,0.8,-0.7,2.7,0,0,2.7,93,85,145,71,166,176,187,133,136,150,124,159,161,159,156,156,154,180,146,145,131,135,164,179,178,93,177,58,6,175,1
1630559,Austin Reaves,Austin,1610612747,LAL,25.0,16,8,8,0.5,36.2,5.6,12.1,0.464,2.4,5.5,0.443,3.2,3.6,0.895,1.3,3.2,4.4,4.6,1.6,0.6,0.2,0.8,2.4,3.3,16.9,4.6,29.9,0,0,29.9,26,27,17,71,36,43,48,84,25,39,30,33,38,38,50,70,69,30,50,75,125,38,56,36,38,10,43,58,6,43,1
203085,Austin Rivers,Austin,1610612750,MIN,30.0,4,1,3,0.25,11.6,1.0,2.0,0.5,0.5,1.5,0.333,0.0,0.0,0.0,0.3,1.0,1.3,0.3,0.3,0.3,0.0,0.0,0.3,0.3,2.5,-5.0,4.9,0,0,5.0,152,129,145,148,137,143,152,53,113,119,81,159,161,159,142,140,148,166,158,133,144,135,177,157,150,179,153,58,6,149,1
1628389,Bam Adebayo,Bam,1610612748,MIA,25.0,23,13,10,0.565,36.9,7.3,15.1,0.481,0.0,0.1,0.0,3.4,4.1,0.821,2.7,7.1,9.9,3.7,2.7,0.8,0.7,1.0,3.1,4.8,17.9,1.8,37.0,11,1,34.4,1,9,1,45,32,27,31,69,150,174,150,32,31,73,15,11,11,34,24,52,39,34,20,18,36,40,25,4,2,29,1
202687,Bismack Biyombo,Bismack,1610612756,PHX,30.0,8,4,4,0.5,9.8,1.1,2.0,0.563,0.0,0.0,0.0,1.1,2.3,0.5,1.3,2.1,3.4,0.8,0.8,0.0,1.3,0.0,2.3,1.3,3.4,-2.6,11.6,0,0,10.0,71,77,53,71,145,142,152,30,150,178,150,81,54,142,50,103,91,127,104,157,14,135,69,86,135,145,123,58,6,127,1
201933,Blake Griffin,Blake,1610612738,BOS,34.0,1,0,1,0.0,5.9,0.0,1.0,0.0,0.0,0.0,0.0,0.0,0.0,0.0,1.0,1.0,2.0,0.0,0.0,0.0,0.0,0.0,2.0,0.0,0.0,0.0,2.4,0,0,2.0,199,186,179,186,160,185,174,185,150,178,150,159,161,159,64,140,120,180,178,157,144,135,85,179,190,72,181,58,6,181,1
1626171,Bobby Portis,Bobby,1610612749,MIL,28.0,5,1,4,0.2,21.5,4.0,8.2,0.488,1.0,3.6,0.278,0.6,0.6,1.0,2.0,6.2,8.2,1.2,0.8,0.6,0.4,0.0,3.0,1.4,9.6,0.2,23.4,1,0,22.0,117,129,53,155,98,68,75,67,90,82,115,112,128,1,24,19,19,94,97,77,65,135,22,79,76,69,68,37,6,67,1
203992,Bogdan Bogdanović,Bogdan,1610612737,ATL,30.0,6,2,4,0.333,26.1,5.0,9.0,0.556,2.5,5.5,0.455,0.8,1.2,0.714,0.3,2.7,3.0,2.5,0.5,1.0,0.8,0.0,2.7,1.2,13.3,2.7,25.7,0,0,25.0,93,102,53,124,79,52,63,32,22,39,26,96,93,108,130,88,97,57,123,38,29,135,37,94,51,29,58,58,6,54,1
1630538,Bones Hyland,Bones,1610612746,LAC,22.0,5,1,4,0.2,16.5,3.0,8.8,0.341,1.0,4.0,0.25,1.6,2.0,0.8,0.2,0.6,0.8,0.8,0.8,0.8,0.2,1.0,1.8,1.4,8.6,3.2,13.0,0,0,13.2,117,129,53,155,121,90,66,162,90,66,124,55,57,75,147,166,167,122,97,57,111,24,98,79,87,23,116,58,6,113,1
1630527,Brandon Boston,Brandon,1610612746,LAC,21.0,1,0,1,0.0,1.0,0.0,0.0,0.0,0.0,0.0,0.0,0.0,0.0,0.0,0.0,0.0,0.0,0.0,1.0,0.0,0.0,0.0,0.0,0.0,0.0,-2.0,-1.0,0,0,0.0,199,186,179,186,210,185,204,185,150,178,150,159,161,159,162,194,197,180,70,157,144,135,184,179,190,129,212,58,6,206,1
201572,Brook Lopez,Brook,1610612749,MIL,35.0,5,1,4,0.2,36.3,7.8,13.4,0.582,1.4,3.4,0.412,2.0,2.6,0.769,2.8,3.6,6.4,1.2,2.2,1.4,1.8,0.4,2.0,2.6,19.0,-5.8,35.9,2,0,34.4,117,129,53,155,35,24,40,21,67,86,37,46,47,88,14,64,36,94,32,19,5,74,85,48,30,190,27,22,6,30,1
1628971,Bruce Brown,Bruce,1610612743,DEN,26.0,20,16,4,0.8,26.6,4.5,8.8,0.511,0.9,2.9,0.316,2.1,2.5,0.857,0.8,3.3,4.0,1.9,1.2,1.1,0.5,0.8,2.5,1.7,12.0,5.2,23.0,0,0,21.8,9,1,53,12,77,59,66,50,100,97,103,45,52,56,83,67,75,72,67,33,61,46,55,65,58,8,70,58,6,70,1
1628997,Caleb Martin,Caleb,1610612748,MIA,27.0,23,13,10,0.565,30.2,4.7,9.0,0.529,1.9,4.5,0.423,1.3,1.5,0.829,1.2,4.3,5.4,1.6,1.0,0.9,0.4,0.6,2.4,1.4,12.7,4.2,24.3,3,0,24.1,1,9,1,45,60,56,65,42,42,57,35,71,77,69,56,51,52,81,69,47,75,58,63,82,55,11,64,15,6,59,1
1630560,Cam Thomas,Cam,1610612751,BKN,21.0,2,0,2,0.0,7.8,1.5,3.5,0.429,0.0,1.0,0.0,0.0,0.0,0.0,0.0,0.5,0.5,0.5,0.5,0.0,0.0,0.0,1.0,0.0,3.0,-6.5,3.9,0,0,4.0,180,186,164,186,151,129,131,106,150,130,150,159,161,159,162,171,178,146,123,157,144,135,137,179,142,197,164,58,6,160,1
1629661,Cameron Johnson,Cameron,1610612751,BKN,27.0,4,0,4,0.0,38.0,7.0,13.8,0.509,3.0,7.0,0.429,1.5,1.8,0.857,0.8,5.0,5.8,2.8,1.3,0.8,0.3,1.3,2.5,3.8,18.5,-8.8,31.3,1,0,32.0,152,186,53,186,24,29,39,51,4,16,33,59,68,56,83,31,44,51,60,63,99,13,49,32,33,206,39,37,6,35,1
1626166,Cameron Payne,Cameron,1610612756,PHX,28.0,7,3,4,0.429,21.8,3.3,6.9,0.479,1.6,3.9,0.407,0.0,0.4,0.0,0.0,2.0,2.0,2.9,1.3,0.4,0.3,0.1,2.1,0.7,8.1,-4.4,15.7,0,0,16.0,78,85,53,107,97,87,89,70,62,73,39,159,144,159,162,104,120,48,59,111,92,120,76,127,92,173,100,58,6,95,1
1627747,Caris LeVert,Caris,1610612739,CLE,28.0,5,1,4,0.2,33.9,5.4,12.6,0.429,2.6,7.2,0.361,1.6,2.6,0.615,0.8,3.8,4.6,2.6,1.0,0.4,0.2,0.2,2.0,3.0,15.0,-6.2,25.2,0,0,26.0,117,129,53,155,48,48,45,106,17,15,68,55,47,133,77,59,65,53,70,115,111,103,85,40,45,194,60,58,6,51,1
1626224,Cedi Osman,Cedi,1610612739,CLE,28.0,5,1,4,0.2,18.6,1.8,5.0,0.36,1.2,4.0,0.3,1.2,1.8,0.667,0.2,2.8,3.0,1.0,1.0,0.4,0.2,0.2,2.4,1.2,6.0,-5.2,11.9,0,0,12.4,117,129,53,155,107,120,106,156,75,66,108,73,64,117,147,86,97,106,70,115,111,103,57,90,113,180,121,58,6,118,1
1629002,Chimezie Metu,Chimezie,1610612758,SAC,26.0,3,1,2,0.333,2.0,0.0,0.3,0.0,0.0,0.0,0.0,0.7,1.0,0.667,0.3,0.0,0.3,0.0,0.3,0.0,0.0,0.0,0.0,0.3,0.7,2.7,0.7,0,0,1.0,172,129,164,124,204,185,201,185,150,178,150,107,97,117,130,194,190,180,146,157,144,135,184,149,181,29,197,58,6,192,1
101108,Chris Paul,Chris,1610612756,PHX,38.0,7,4,3,0.571,35.8,5.4,13.0,0.418,1.3,4.0,0.321,0.3,0.6,0.5,0.7,4.3,5.0,7.4,1.0,1.7,0.7,0.7,2.3,1.1,12.4,5.6,35.9,1,0,31.0,78,77,145,44,39,46,42,123,70,66,99,140,130,142,88,48,57,6,70,12,34,49,67,98,56,7,28,37,6,39,1
1631128,Christian Braun,Christian,1610612743,DEN,22.0,19,15,4,0.789,13.0,1.3,2.4,0.533,0.1,0.5,0.2,0.6,1.0,0.579,0.6,1.4,2.1,0.6,0.5,0.6,0.2,0.3,1.5,0.7,3.2,-0.4,8.4,0,0,7.5,23,8,53,19,132,139,146,40,149,155,137,114,97,137,99,129,119,144,122,90,110,92,117,126,138,85,133,58,6,134,1
203991,Clint Capela,Clint,1610612737,ATL,29.0,6,2,4,0.333,25.2,3.8,6.3,0.605,0.0,0.0,0.0,0.7,1.0,0.667,2.5,5.8,8.3,0.5,0.7,1.0,0.5,1.0,0.8,1.2,8.3,-4.7,22.9,2,0,20.2,93,102,53,124,84,72,97,16,150,178,150,107,97,117,17,20,17,146,112,38,48,24,153,94,90,177,71,22,6,76,1
203469,Cody Zeller,Cody,1610612748,MIA,30.0,21,11,10,0.524,8.3,1.0,1.7,0.571,0.0,0.0,0.0,0.3,0.7,0.4,0.5,1.8,2.3,0.3,0.6,0.1,0.2,0.2,1.3,0.7,2.2,-0.1,5.7,0,0,5.4,8,17,1,70,149,154,164,26,150,178,150,140,121,155,111,118,112,156,115,154,124,112,130,127,155,81,143,58,6,147,1
1626156,D'Angelo Russell,D'Angelo,1610612747,LAL,27.0,16,8,8,0.5,29.5,5.2,12.2,0.426,1.7,5.4,0.31,1.3,1.6,0.769,0.6,2.3,2.9,4.6,1.8,0.7,0.3,0.2,2.0,2.3,13.3,0.5,25.0,1,0,24.6,26,27,17,71,65,49,46,113,57,43,105,72,74,88,100,95,105,29,42,69,87,113,85,53,52,64,62,37,6,56,1
1629610,DaQuan Jeffries,DaQuan,1610612752,NYK,25.0,2,1,1,0.5,2.3,0.0,0.0,0.0,0.0,0.0,0.0,0.0,0.0,0.0,0.0,0.0,0.0,0.0,0.0,0.0,0.0,0.0,1.0,0.5,0.0,-3.0,0.0,0,0,0.0,180,129,179,71,202,185,204,185,150,178,150,159,161,159,162,194,197,180,178,157,144,135,137,134,190,148,206,58,6,206,1
1627814,Damion Lee,Damion,1610612756,PHX,30.0,8,4,4,0.5,11.1,0.8,2.5,0.3,0.4,1.9,0.2,0.3,0.3,1.0,0.5,0.9,1.4,0.6,0.1,0.3,0.0,0.3,1.0,0.3,2.1,0.0,5.3,0,0,5.0,71,77,53,71,139,159,143,168,123,112,137,142,154,1,113,154,144,139,176,133,144,93,137,157,156,72,146,58,6,149,1
201980,Danny Green,Danny,1610612739,CLE,36.0,4,1,3,0.25,9.9,0.3,1.3,0.2,0.3,1.0,0.25,0.0,0.0,0.0,0.5,1.3,1.8,0.3,0.5,0.5,0.3,0.3,1.8,0.0,0.8,-3.3,5.0,0,0,4.5,152,129,145,148,143,178,172,183,129,130,124,159,161,159,113,134,130,166,123,96,99,93,102,179,180,155,150,58,6,154,1
1627863,Danuel House Jr.,Danuel,1610612755,PHI,30.0,7,3,4,0.429,6.0,1.3,3.0,0.429,0.1,1.4,0.1,0.1,0.1,1.0,0.0,1.7,1.7,0.1,0.1,0.0,0.0,0.3,0.6,0.1,2.9,-3.6,5.0,0,0,4.9,78,85,53,107,158,137,141,106,143,122,148,156,159,1,162,121,131,177,175,157,144,87,161,172,146,160,149,58,6,152,1
1629636,Darius Garland,Darius,1610612739,CLE,23.0,5,1,4,0.2,37.7,7.0,16.0,0.438,2.4,6.2,0.387,4.2,5.0,0.84,0.0,1.8,1.8,5.0,3.6,1.6,0.2,0.4,3.4,4.4,20.6,-3.6,32.1,1,0,33.4,117,129,53,155,26,29,28,100,26,25,52,24,26,64,162,115,129,27,8,14,111,74,10,23,26,161,37,37,6,33,1
1630561,David Duke Jr.,David,1610612751,BKN,23.0,1,0,1,0.0,4.7,1.0,3.0,0.333,0.0,1.0,0.0,0.0,0.0,0.0,0.0,0.0,0.0,0.0,1.0,0.0,0.0,0.0,1.0,1.0,2.0,-4.0,1.0,0,0,2.0,199,186,179,186,168,143,141,164,150,130,150,159,161,159,162,194,197,180,70,157,144,135,137,102,158,166,196,58,6,181,1
1631223,David Roddy,David,1610612763,MEM,22.0,6,2,4,0.333,12.6,1.3,4.8,0.276,1.0,3.3,0.3,0.2,0.2,1.0,0.7,2.2,2.8,0.7,0.2,0.0,0.3,0.3,1.0,0.2,3.8,-5.3,9.1,0,0,9.0,93,102,53,124,134,133,110,172,90,89,108,153,158,1,93,100,107,135,167,157,81,82,137,170,132,182,131,58,6,132,1
1630558,Davion Mitchell,Davion,1610612758,SAC,24.0,7,3,4,0.429,20.0,2.7,6.6,0.413,1.0,3.9,0.259,0.7,0.9,0.833,0.4,0.9,1.3,1.7,0.9,0.9,0.1,0.3,1.0,0.9,7.1,-3.3,13.4,0,0,13.1,78,85,53,107,105,98,94,126,90,73,121,104,111,65,125,155,147,77,95,49,133,87,137,115,99,156,113,58,6,115,1
1630549,Day'Ron Sharpe,Day'Ron,1610612751,BKN,21.0,2,0,2,0.0,9.8,1.0,1.5,0.667,0.0,0.0,0.0,1.0,1.0,1.0,1.0,2.0,3.0,2.5,1.0,0.0,0.5,0.0,1.5,0.5,3.0,-4.5,10.9,0,0,9.5,180,186,164,186,144,143,165,8,150,178,150,84,97,1,64,104,97,57,70,157,48,135,119,134,142,174,127,58,6,129,1
1628368,De'Aaron Fox,De'Aaron,1610612758,SAC,25.0,7,3,4,0.429,38.5,10.0,23.6,0.424,3.0,9.0,0.333,4.4,5.9,0.756,1.7,3.7,5.4,7.7,4.0,2.1,0.6,1.0,3.3,5.0,27.4,-2.9,49.7,1,0,49.0,78,85,53,107,16,6,3,117,4,3,81,20,18,94,31,62,53,5,2,1,45,24,15,14,9,146,10,37,6,8,1
1629631,De'Andre Hunter,De'Andre,1610612737,ATL,25.0,6,2,4,0.333,37.4,6.5,14.2,0.459,2.3,6.3,0.368,1.3,1.7,0.8,1.2,4.5,5.7,1.2,1.5,0.7,0.3,0.7,3.3,2.5,16.7,-2.3,26.7,1,0,27.8,93,102,53,124,31,35,34,87,29,23,63,66,72,75,57,39,46,99,51,70,81,51,13,49,40,138,55,37,6,48,1
1629001,De'Anthony Melton,De'Anthony,1610612755,PHI,25.0,11,7,4,0.636,24.9,2.8,7.4,0.383,1.7,4.5,0.388,0.5,0.7,0.75,1.3,2.0,3.3,1.6,0.7,1.2,0.8,0.5,1.8,0.9,7.9,0.4,19.6,0,0,18.5,45,35,53,23,87,95,84,146,54,59,51,116,120,95,48,104,92,79,108,28,30,60,97,113,93,66,84,58,6,86,1
201599,DeAndre Jordan,DeAndre,1610612743,DEN,34.0,4,3,1,0.75,3.4,0.5,0.8,0.667,0.0,0.0,0.0,0.3,0.5,0.5,0.0,1.0,1.0,0.3,0.5,0.0,0.3,0.0,0.5,0.3,1.3,1.8,3.1,0,0,3.0,152,85,179,20,187,164,190,8,150,178,150,142,132,142,162,140,154,166,123,157,99,135,164,157,169,42,172,58,6,168,1
1629731,Dean Wade,Dean,1610612739,CLE,26.0,2,0,2,0.0,5.6,0.0,0.5,0.0,0.0,0.5,0.0,1.0,1.0,1.0,0.0,1.5,1.5,0.0,0.0,0.0,0.0,0.0,0.0,1.0,1.0,-4.0,2.8,0,0,2.5,180,186,164,186,163,185,196,185,150,156,150,84,97,1,162,125,136,180,178,157,144,135,184,102,173,166,174,58,6,178,1
1629028,Deandre Ayton,Deandre,1610612756,PHX,24.0,10,6,4,0.6,31.9,6.1,11.1,0.55,0.0,0.0,0.0,1.2,2.3,0.522,2.9,6.8,9.7,1.0,1.7,0.6,0.7,0.8,3.5,2.1,13.4,-2.0,28.7,4,0,26.7,62,43,53,33,54,40,52,34,150,178,150,73,53,141,12,14,13,106,45,77,35,39,6,58,48,129,48,11,6,50,1
1627749,Dejounte Murray,Dejounte,1610612737,ATL,26.0,5,1,4,0.2,38.1,9.2,20.6,0.447,2.8,7.4,0.378,1.8,1.8,1.0,1.8,5.4,7.2,6.8,2.0,2.0,0.2,1.4,1.4,1.6,23.0,-6.8,46.4,1,0,44.2,117,129,53,155,22,14,12,98,12,13,57,52,64,1,27,27,28,13,36,2,111,9,125,71,22,199,14,37,6,16,1
203471,Dennis Schröder,Dennis,1610612747,LAL,29.0,16,8,8,0.5,26.1,2.6,6.4,0.398,0.8,2.4,0.333,1.4,1.8,0.821,0.2,1.8,1.9,2.9,1.3,1.0,0.2,0.4,2.5,1.6,7.4,2.8,16.3,0,0,15.4,26,27,17,71,81,100,95,140,103,103,81,62,68,72,155,119,128,47,60,38,125,80,49,69,97,28,96,58,6,99,1
201565,Derrick Rose,Derrick,1610612752,NYK,34.0,1,1,0,1.0,2.5,0.0,4.0,0.0,0.0,1.0,0.0,0.0,0.0,0.0,0.0,0.0,0.0,1.0,0.0,0.0,0.0,0.0,0.0,0.0,0.0,-7.0,1.5,0,0,1.0,199,129,203,1,199,185,123,185,150,130,150,159,161,159,162,194,197,106,178,157,144,135,184,179,190,201,187,58,6,192,1
1628401,Derrick White,Derrick,1610612738,BOS,28.0,20,11,9,0.55,29.7,4.7,9.2,0.505,2.5,5.5,0.455,1.6,1.7,0.912,0.7,2.3,3.0,2.1,0.9,0.6,1.0,0.5,1.9,1.9,13.4,0.2,23.9,0,0,24.1,9,17,7,51,63,57,61,52,22,39,26,57,71,32,96,96,104,65,92,77,20,71,94,62,49,70,65,58,6,58,1
1630217,Desmond Bane,Desmond,1610612763,MEM,25.0,6,2,4,0.333,38.6,8.2,19.3,0.422,2.7,8.3,0.32,4.5,4.8,0.931,1.2,4.8,6.0,3.2,2.8,0.5,0.0,2.2,3.2,2.3,23.5,-5.3,34.1,1,0,36.3,93,102,53,124,15,22,17,119,15,8,101,18,29,27,57,36,41,43,22,96,144,2,19,52,18,182,33,37,6,27,1
1626164,Devin Booker,Devin,1610612756,PHX,26.0,11,6,5,0.545,41.7,12.8,21.9,0.585,2.8,5.5,0.508,5.3,6.1,0.866,1.1,3.7,4.8,7.2,2.9,1.7,0.8,1.2,3.4,5.5,33.7,-3.4,55.0,2,0,53.6,45,43,36,57,2,1,6,20,10,37,9,12,14,53,62,61,62,9,21,11,30,17,12,10,2,157,4,22,6,3,1
203473,Dewayne Dedmon,Dewayne,1610612755,PHI,33.0,1,0,1,0.0,5.0,0.0,1.0,0.0,0.0,1.0,0.0,0.0,0.0,0.0,0.0,1.0,1.0,0.0,1.0,0.0,0.0,0.0,1.0,0.0,0.0,-4.0,0.2,0,0,1.0,199,186,179,186,167,185,174,185,150,130,150,159,161,159,162,140,154,180,70,157,144,135,137,179,190,166,204,58,6,192,1
1628415,Dillon Brooks,Dillon,1610612763,MEM,27.0,6,2,4,0.333,27.9,4.0,12.8,0.312,1.7,7.0,0.238,0.8,1.2,0.714,0.5,2.5,3.0,1.8,1.2,0.2,0.0,1.2,3.3,0.8,10.5,-7.3,16.2,0,0,17.3,93,102,53,124,71,68,43,166,58,16,135,96,93,108,113,93,97,73,64,145,144,19,13,117,69,204,99,58,6,91,1
1627734,Domantas Sabonis,Domantas,1610612758,SAC,27.0,7,3,4,0.429,34.7,7.0,14.1,0.495,0.1,0.7,0.2,2.3,4.0,0.571,4.4,6.6,11.0,4.7,3.7,1.4,0.9,1.4,4.0,4.1,16.4,-7.0,39.8,3,0,36.9,78,85,53,107,43,29,35,66,143,148,137,42,33,138,3,17,5,28,7,18,28,8,3,28,43,201,22,15,6,25,1
1628378,Donovan Mitchell,Donovan,1610612739,CLE,26.0,5,1,4,0.2,41.3,9.0,20.8,0.433,2.6,9.0,0.289,2.6,3.6,0.722,0.6,4.4,5.0,7.2,3.8,2.0,0.6,1.6,2.8,2.8,23.2,-1.8,44.0,1,0,43.2,117,129,53,155,3,17,10,103,17,3,112,35,37,107,103,43,57,8,6,2,44,5,34,43,21,126,19,37,6,19,1
1628978,Donte DiVincenzo,Donte,1610612744,GSW,26.0,13,6,7,0.462,18.1,1.8,4.9,0.375,1.2,3.4,0.341,0.6,0.9,0.667,0.8,2.2,3.0,2.8,1.3,0.8,0.2,0.2,1.5,1.1,5.5,-2.9,15.1,0,0,14.5,35,43,24,100,112,118,108,150,84,88,80,111,109,117,73,102,97,50,57,50,108,118,116,100,118,147,102,58,6,105,1
1627827,Dorian Finney-Smith,Dorian,1610612751,BKN,30.0,4,0,4,0.0,25.1,2.3,5.8,0.391,1.8,4.3,0.412,0.0,0.0,0.0,1.5,3.0,4.5,0.8,1.3,0.8,0.5,0.3,1.8,0.0,6.3,-4.0,15.3,0,0,15.8,152,186,53,186,85,111,102,142,48,62,37,159,161,159,39,75,67,127,60,63,48,93,102,179,111,166,101,58,6,97,1
203110,Draymond Green,Draymond,1610612744,GSW,33.0,12,5,7,0.417,30.6,3.5,7.6,0.462,0.4,1.7,0.25,2.0,2.8,0.727,1.6,5.3,6.9,6.8,2.3,1.5,1.0,0.6,4.0,3.6,9.4,-1.0,33.2,3,0,28.6,41,67,24,119,56,82,79,86,121,117,124,46,45,106,36,28,30,12,30,15,20,56,3,34,77,103,35,15,6,46,1
1629130,Duncan Robinson,Duncan,1610612748,MIA,29.0,23,13,10,0.565,18.2,3.3,6.9,0.475,2.2,4.9,0.442,0.3,0.3,0.875,0.0,1.4,1.5,1.7,0.9,0.3,0.1,0.1,1.6,0.7,9.0,2.7,13.9,0,0,15.3,1,9,1,45,110,88,88,76,33,48,31,138,147,47,161,128,139,78,93,123,136,125,114,125,83,33,111,58,6,100,1
1628410,Edmond Sumner,Edmond,1610612751,BKN,27.0,1,0,1,0.0,4.5,0.0,0.0,0.0,0.0,0.0,0.0,0.0,0.0,0.0,0.0,0.0,0.0,1.0,0.0,0.0,0.0,0.0,0.0,1.0,0.0,-4.0,1.5,0,0,1.0,199,186,179,186,170,185,204,185,150,178,150,159,161,159,162,194,197,106,178,157,144,135,184,102,190,166,187,58,6,192,1
201569,Eric Gordon,Eric,1610612746,LAC,34.0,5,1,4,0.2,29.8,3.6,8.8,0.409,2.0,5.8,0.345,1.0,1.2,0.833,0.2,1.2,1.4,2.6,0.8,0.6,0.4,0.4,2.4,0.8,10.2,-6.8,18.0,0,0,18.2,117,129,53,155,62,78,66,128,34,30,78,84,90,65,147,137,141,53,97,77,65,74,57,121,73,199,90,58,6,88,1
1630596,Evan Mobley,Evan,1610612739,CLE,22.0,5,1,4,0.2,37.5,4.4,9.6,0.458,0.0,0.2,0.0,1.0,1.6,0.625,3.0,7.0,10.0,2.0,2.4,0.6,1.2,0.8,2.6,2.0,9.8,-0.8,27.8,2,0,25.4,117,129,53,155,28,62,59,89,150,170,150,84,75,132,10,13,9,66,27,77,16,39,42,59,74,98,50,22,6,52,1
1627788,Furkan Korkmaz,Furkan,1610612755,PHI,25.0,3,1,2,0.333,3.8,0.0,0.7,0.0,0.0,0.3,0.0,0.7,0.7,1.0,0.0,0.3,0.3,0.3,0.3,0.0,0.0,0.3,0.0,0.7,0.7,-0.3,1.2,0,0,1.3,172,129,164,124,176,185,191,185,150,166,150,107,123,1,162,184,190,156,146,157,144,82,184,130,181,84,190,58,6,188,1
1629216,Gabe Vincent,Gabe,1610612748,MIA,27.0,22,13,9,0.591,30.5,4.5,11.2,0.402,2.3,6.1,0.378,1.4,1.5,0.882,0.4,1.0,1.4,3.5,1.4,0.9,0.2,0.5,3.0,2.0,12.7,1.2,21.4,0,0,22.0,6,9,7,41,58,59,50,131,30,27,59,64,76,42,129,139,140,38,54,48,127,70,22,59,54,51,74,58,6,66,1
1627780,Gary Payton II,Gary,1610612744,GSW,30.0,12,5,7,0.417,16.0,3.0,4.5,0.667,0.3,1.3,0.267,0.5,0.8,0.667,1.8,1.8,3.7,0.8,0.9,0.7,0.5,0.3,1.6,0.7,6.8,-3.8,14.9,0,0,13.9,41,67,24,119,124,90,115,8,125,126,119,119,119,117,26,114,82,127,90,70,48,93,113,130,102,165,105,58,6,109,1
1627777,Georges Niang,Georges,1610612755,PHI,30.0,11,7,4,0.636,14.3,1.6,3.3,0.5,1.1,2.4,0.462,0.0,0.0,0.0,0.0,0.4,0.4,0.2,0.5,0.0,0.2,0.2,1.5,0.1,4.4,-1.3,5.2,0,0,6.4,45,35,53,23,128,126,134,53,88,105,24,159,161,159,162,183,189,173,134,157,127,114,123,176,127,114,148,58,6,138,1
203507,Giannis Antetokounmpo,Giannis,1610612749,MIL,28.0,3,0,3,0.0,30.5,9.3,17.7,0.528,0.0,1.0,0.0,4.7,10.3,0.452,2.7,8.3,11.0,5.3,4.7,0.3,0.7,0.7,3.0,7.3,23.3,-5.3,42.9,2,1,41.7,172,186,145,186,59,12,21,43,150,130,150,16,1,154,16,7,5,23,1,125,36,51,22,2,20,182,21,22,2,21,1
201609,Goran Dragic,Goran,1610612749,MIL,37.0,2,1,1,0.5,3.6,0.0,1.0,0.0,0.0,0.5,0.0,2.0,2.0,1.0,0.0,0.0,0.0,0.5,0.0,0.0,0.0,0.0,0.0,1.0,2.0,-2.5,2.8,0,0,2.5,180,129,179,71,179,185,174,185,150,156,150,46,57,1,162,194,197,146,178,157,144,135,184,102,158,141,175,58,6,178,1
1629684,Grant Williams,Grant,1610612738,BOS,24.0,15,8,7,0.533,17.7,1.7,3.5,0.472,1.2,2.7,0.45,0.5,0.7,0.8,0.7,1.5,2.2,1.2,0.3,0.3,0.4,0.1,1.7,0.8,5.1,-1.7,11.4,0,0,11.1,32,27,24,67,115,124,130,80,75,98,29,118,123,75,87,127,115,94,156,125,65,132,109,121,119,125,124,58,6,124,1
1628960,Grayson Allen,Grayson,1610612749,MIL,27.0,5,1,4,0.2,29.9,3.8,8.2,0.463,2.8,5.8,0.483,1.2,1.4,0.857,0.2,2.2,2.4,1.8,0.8,0.4,0.0,0.6,1.4,2.2,11.6,-0.6,17.6,0,0,19.4,117,129,53,155,61,73,75,85,12,30,20,73,83,56,147,97,111,74,97,115,144,53,125,54,63,92,91,58,6,81,1
203084,Harrison Barnes,Harrison,1610612758,SAC,31.0,7,3,4,0.429,28.1,3.6,8.6,0.417,0.9,3.6,0.24,2.7,3.7,0.731,1.4,2.0,3.4,0.7,0.4,1.1,0.3,0.0,0.7,2.7,10.7,-8.9,19.8,0,0,18.6,78,85,53,107,70,79,69,124,102,83,134,34,34,105,42,104,90,131,139,30,92,135,160,45,66,207,83,58,6,85,1
1629312,Haywood Highsmith,Haywood,1610612748,MIA,26.0,18,9,9,0.5,8.9,1.3,2.2,0.615,0.4,0.9,0.5,0.2,0.3,0.8,0.6,0.8,1.3,0.3,0.1,0.6,0.1,0.1,1.1,0.1,3.3,-0.8,7.2,0,0,6.7,25,25,7,71,148,133,150,14,120,143,10,148,152,75,109,161,145,164,177,92,139,127,135,175,136,97,136,58,6,136,1
1630193,Immanuel Quickley,Immanuel,1610612752,NYK,24.0,8,5,3,0.625,21.9,2.9,8.3,0.348,1.1,4.6,0.243,2.1,2.5,0.85,0.3,1.4,1.6,1.0,1.1,0.5,0.0,0.0,1.4,2.1,9.0,2.5,12.8,0,0,13.8,71,67,145,30,94,93,73,158,86,53,132,44,50,60,142,131,134,106,68,96,144,135,128,57,83,36,117,58,6,110,1
1630171,Isaac Okoro,Isaac,1610612739,CLE,22.0,5,1,4,0.2,14.9,2.2,4.6,0.478,0.8,2.6,0.308,1.2,1.2,1.0,0.6,0.8,1.4,0.8,0.8,0.4,0.4,0.2,2.0,1.6,6.4,0.6,10.9,0,0,11.0,117,129,53,155,126,113,112,72,104,99,106,73,90,1,103,158,141,122,97,115,65,103,85,71,110,60,126,58,6,125,1
1628392,Isaiah Hartenstein,Isaiah,1610612752,NYK,25.0,11,6,5,0.545,20.0,1.0,2.1,0.478,0.0,0.0,0.0,1.1,1.5,0.75,2.1,2.5,4.6,1.3,0.5,0.8,1.4,0.1,2.6,1.6,3.1,-0.2,16.7,0,0,13.4,45,43,36,57,104,143,151,72,150,178,150,83,80,95,23,92,64,93,134,53,10,128,38,67,141,82,94,58,6,112,1
202397,Ish Smith,Ish,1610612743,DEN,34.0,4,4,0,1.0,2.9,0.3,0.5,0.5,0.0,0.0,0.0,0.0,0.0,0.0,0.0,0.3,0.3,0.3,0.0,0.0,0.0,0.0,0.5,0.0,0.5,-1.5,1.2,0,0,1.0,152,77,203,1,192,178,196,53,150,178,150,159,161,159,162,187,193,166,178,157,144,135,164,179,183,118,192,58,6,192,1
1630688,Ish Wainright,Ish,1610612756,PHX,28.0,6,1,5,0.167,3.5,0.2,0.7,0.25,0.2,0.7,0.25,0.0,0.0,0.0,0.0,0.2,0.2,0.0,0.0,0.0,0.2,0.0,0.3,0.0,0.5,-1.2,1.2,0,0,1.2,93,129,36,185,181,181,191,173,136,150,124,159,161,159,162,190,195,180,178,157,131,135,174,179,183,109,191,58,6,190,1
1627826,Ivica Zubac,Ivica,1610612746,LAC,26.0,5,1,4,0.2,26.0,3.4,6.0,0.567,0.0,0.0,0.0,2.4,3.2,0.75,3.2,6.4,9.6,0.6,2.2,0.6,0.2,0.8,1.6,2.8,9.2,-9.2,21.8,2,0,21.0,117,129,53,155,82,83,99,28,150,178,150,41,41,95,7,18,14,142,32,77,111,39,111,43,81,208,73,22,6,72,1
1629630,Ja Morant,Ja,1610612763,MEM,23.0,5,1,4,0.2,37.4,9.0,21.2,0.425,2.6,6.2,0.419,4.0,5.2,0.769,1.6,5.2,6.8,7.0,3.4,1.8,0.2,1.4,2.4,6.8,24.6,-3.2,45.9,2,0,45.0,117,129,53,155,29,17,7,116,17,25,36,26,25,88,35,29,31,11,13,8,111,9,57,3,13,154,16,22,6,15,1
203210,JaMychal Green,JaMychal,1610612744,GSW,33.0,7,2,5,0.286,7.0,1.3,3.3,0.391,0.7,2.6,0.278,0.0,0.0,0.0,0.0,0.7,0.7,0.4,0.3,0.0,0.1,0.0,1.4,0.0,3.3,-3.0,4.9,0,0,5.4,78,102,36,146,154,137,133,142,105,100,115,159,161,159,162,163,172,154,153,157,133,135,124,179,137,148,151,58,6,144,1
1630531,Jaden Springer,Jaden,1610612755,PHI,20.0,4,1,3,0.25,4.2,1.0,1.0,1.0,0.0,0.0,0.0,0.3,0.5,0.5,0.0,0.0,0.0,0.0,0.3,0.3,0.0,0.0,0.5,0.3,2.3,0.8,2.8,0,0,2.8,152,129,145,148,172,143,174,1,150,178,150,142,132,142,162,194,197,180,158,133,144,135,164,157,154,57,175,58,6,173,1
203109,Jae Crowder,Jae,1610612749,MIL,32.0,4,1,3,0.25,10.2,0.8,3.3,0.231,0.0,1.5,0.0,0.3,0.5,0.5,0.3,0.8,1.0,0.8,0.3,0.5,0.0,0.0,1.3,0.3,1.8,-4.5,5.3,0,0,4.5,152,129,145,148,142,159,135,179,150,119,150,142,132,142,142,162,154,127,158,96,144,135,131,157,163,174,147,58,6,154,1
1628973,Jalen Brunson,Jalen,1610612752,NYK,26.0,11,6,5,0.545,40.3,9.9,20.9,0.474,2.4,7.3,0.325,5.6,6.2,0.912,0.8,4.1,4.9,5.6,2.1,1.5,0.1,0.5,2.4,5.1,27.8,3.4,44.7,1,0,43.8,45,43,36,57,4,8,9,77,28,14,97,10,13,32,75,54,61,21,35,17,142,60,64,13,8,22,18,37,6,17,1
1630552,Jalen Johnson,Jalen,1610612737,ATL,21.0,6,2,4,0.333,9.3,1.7,4.0,0.417,0.7,1.8,0.364,0.3,0.3,1.0,0.3,2.2,2.5,1.3,0.8,0.5,0.0,0.2,0.8,0.2,4.3,-0.5,10.0,0,0,9.8,93,102,53,124,147,124,123,124,106,113,66,134,148,1,130,100,110,91,96,96,144,115,153,170,128,88,130,58,6,128,1
1629667,Jalen McDaniels,Jalen,1610612755,PHI,25.0,8,5,3,0.625,12.7,1.0,2.5,0.4,0.4,1.1,0.333,0.0,0.0,0.0,0.4,1.6,2.0,0.6,0.4,0.1,0.0,0.0,1.0,0.1,2.4,1.8,5.7,0,0,5.6,71,67,145,30,133,143,143,133,123,129,81,159,161,159,128,124,120,139,145,152,144,135,137,173,153,42,142,58,6,141,1
1627750,Jamal Murray,Jamal,1610612743,DEN,26.0,20,16,4,0.8,39.9,9.7,20.5,0.473,3.0,7.5,0.396,3.8,4.1,0.926,0.8,4.9,5.7,7.1,2.5,1.5,0.3,1.1,2.1,4.1,26.1,9.1,46.3,5,1,45.3,9,1,53,12,7,10,13,79,9,12,47,29,32,29,83,34,47,10,25,15,99,23,83,29,12,3,15,7,2,14,1
201935,James Harden,James,1610612755,PHI,33.0,11,7,4,0.636,38.8,6.5,16.6,0.393,2.8,7.5,0.378,4.4,5.0,0.873,0.5,5.6,6.2,8.3,3.2,1.8,0.4,1.4,2.5,4.2,20.3,-3.6,43.5,5,0,41.9,45,35,53,23,13,33,27,141,10,11,58,23,26,50,110,26,40,3,17,6,77,11,46,27,28,163,20,7,6,20,1
1628991,Jaren Jackson Jr.,Jaren,1610612763,MEM,23.0,6,2,4,0.333,36.7,5.8,13.8,0.422,1.2,4.2,0.28,5.2,6.0,0.861,3.3,4.5,7.8,1.5,3.0,1.0,2.0,2.3,4.0,5.2,18.0,-6.2,35.7,2,0,34.5,93,102,53,124,33,41,38,120,81,65,114,14,15,54,6,39,23,84,18,38,3,1,3,12,35,192,29,22,6,28,1
1629020,Jarred Vanderbilt,Jarred,1610612747,LAL,24.0,15,8,7,0.533,16.4,1.6,4.0,0.4,0.5,1.9,0.241,0.9,1.3,0.7,1.3,1.9,3.2,0.8,0.9,0.7,0.8,0.1,2.1,1.6,4.6,-1.2,13.4,0,0,12.1,32,27,24,67,122,127,123,133,118,111,133,91,87,111,49,111,95,122,94,65,32,124,82,71,124,111,114,58,6,120,1
1628386,Jarrett Allen,Jarrett,1610612739,CLE,25.0,5,1,4,0.2,38.1,4.4,7.2,0.611,0.0,0.0,0.0,0.6,1.2,0.5,3.0,4.4,7.4,2.4,0.6,0.8,1.0,1.0,2.0,1.4,9.4,-5.6,26.7,1,0,22.8,117,129,53,155,21,62,86,15,150,178,150,112,90,142,10,43,25,59,116,57,20,24,85,79,78,187,56,37,6,64,1
1630554,Jason Preston,Jason,1610612746,LAC,23.0,1,0,1,0.0,1.0,0.0,0.0,0.0,0.0,0.0,0.0,0.0,0.0,0.0,0.0,0.0,0.0,0.0,0.0,0.0,0.0,0.0,0.0,0.0,0.0,-2.0,0.0,0,0,0.0,199,186,179,186,210,185,204,185,150,178,150,159,161,159,162,194,197,180,178,157,144,135,184,179,190,129,206,58,6,206,1
1627759,Jaylen Brown,Jaylen,1610612738,BOS,26.0,20,11,9,0.55,37.6,9.1,18.3,0.496,2.0,5.7,0.354,2.6,3.7,0.689,1.3,4.4,5.6,3.4,3.3,1.1,0.4,1.5,3.1,3.2,22.7,2.1,35.5,2,0,36.6,9,17,7,51,27,16,20,65,34,33,72,38,35,113,50,46,49,41,15,33,65,7,21,39,23,38,30,22,6,26,1
1629669,Jaylen Nowell,Jaylen,1610612750,MIN,23.0,5,1,4,0.2,12.4,1.2,5.2,0.231,0.6,1.8,0.333,0.2,0.4,0.5,0.8,0.2,1.0,0.6,0.4,0.0,0.0,0.0,0.8,0.4,3.2,-5.8,4.9,0,0,5.4,117,129,53,155,135,140,105,179,110,115,81,150,145,142,77,189,154,142,141,157,144,135,158,146,139,190,152,58,6,146,1
1628369,Jayson Tatum,Jayson,1610612738,BOS,25.0,20,11,9,0.55,40.0,9.3,20.2,0.458,2.7,8.2,0.323,6.0,6.9,0.876,1.3,9.2,10.5,5.3,2.8,1.1,1.1,1.2,2.2,5.0,27.2,4.0,51.1,15,0,49.8,9,17,7,51,6,13,15,90,16,9,98,8,10,46,46,3,7,24,23,33,19,21,70,17,10,13,7,2,6,6,1
201145,Jeff Green,Jeff,1610612743,DEN,36.0,20,16,4,0.8,17.2,1.4,3.1,0.452,0.5,1.4,0.321,0.9,1.0,0.895,0.3,1.3,1.6,0.7,0.5,0.3,0.4,0.0,2.2,1.6,4.1,-0.6,8.4,0,0,8.0,9,1,53,12,117,131,139,96,119,123,99,95,108,38,139,134,135,134,137,133,79,135,75,71,129,90,134,58,6,133,1
1628975,Jevon Carter,Jevon,1610612749,MIL,27.0,4,1,3,0.25,12.3,0.5,2.3,0.222,0.3,1.8,0.143,0.0,0.0,0.0,0.0,1.0,1.0,1.0,0.0,0.3,0.0,0.3,0.3,0.5,1.3,-3.8,4.7,0,0,4.0,152,129,145,148,136,164,148,181,129,116,144,159,161,159,162,140,154,106,178,133,144,93,177,134,169,164,154,58,6,160,1
202710,Jimmy Butler III,Jimmy,1610612748,MIA,33.0,22,13,9,0.591,39.7,9.4,20.1,0.468,1.3,3.5,0.359,6.8,8.5,0.806,2.1,4.3,6.5,5.9,1.9,1.8,0.6,1.6,1.7,5.8,26.9,-0.5,49.0,4,0,45.4,6,9,7,41,9,11,16,81,72,84,70,4,5,74,22,47,35,20,41,6,42,6,108,9,11,88,11,11,6,13,1
1629111,Jock Landale,Jock,1610612756,PHX,27.0,7,2,5,0.286,16.2,2.4,3.9,0.63,0.0,0.1,0.0,1.3,2.0,0.643,1.4,2.6,4.0,0.4,0.3,0.4,0.4,0.0,2.1,2.1,6.1,3.7,13.9,0,0,12.3,78,102,36,146,123,105,126,13,150,173,150,69,57,129,42,90,75,154,153,111,62,135,76,56,112,17,112,58,6,119,1
203925,Joe Harris,Joe,1610612751,BKN,31.0,4,0,4,0.0,10.9,0.5,3.3,0.154,0.3,3.0,0.083,0.5,0.5,1.0,0.0,1.3,1.3,0.0,0.8,0.5,0.0,0.0,1.3,0.3,1.8,3.8,4.0,0,0,4.3,152,186,53,186,140,164,135,184,129,93,149,119,132,1,162,134,148,180,104,96,144,135,131,157,163,16,162,58,6,159,1
204060,Joe Ingles,Joe,1610612749,MIL,35.0,5,1,4,0.2,17.8,2.4,4.6,0.522,2.0,4.0,0.5,0.0,0.0,0.0,0.2,1.0,1.2,2.0,1.2,0.6,0.2,0.0,1.4,0.6,6.8,-1.8,12.4,0,0,13.6,117,129,53,155,114,107,112,46,34,66,10,159,161,159,147,140,151,66,63,77,111,135,125,132,103,126,118,58,6,111,1
203954,Joel Embiid,Joel,1610612755,PHI,29.0,9,5,4,0.556,37.4,7.3,17.0,0.431,0.6,3.1,0.179,8.4,9.3,0.905,1.8,8.0,9.8,2.7,3.9,0.7,2.8,1.2,3.0,6.7,23.7,-0.7,45.8,5,0,43.6,69,67,53,50,30,26,24,104,111,92,141,1,2,35,30,10,12,52,5,70,2,15,22,6,16,93,17,7,6,18,1
1628381,John Collins,John,1610612737,ATL,25.0,6,2,4,0.333,27.4,4.3,10.0,0.433,1.8,5.3,0.344,0.8,1.0,0.833,1.2,3.2,4.3,0.8,1.5,0.3,1.0,1.2,2.2,1.3,11.3,-1.5,20.3,0,0,21.0,93,102,53,124,73,64,56,101,45,44,79,96,97,65,57,71,71,120,51,125,20,19,73,84,65,118,81,58,6,72,1
1629723,John Konchar,John,1610612763,MEM,27.0,5,2,3,0.4,9.7,0.4,1.8,0.222,0.0,0.8,0.0,0.0,0.0,0.0,0.8,1.2,2.0,0.8,0.2,0.4,0.4,0.2,1.2,0.0,0.8,-4.6,6.6,0,0,5.2,117,102,145,121,146,172,162,181,150,144,150,159,161,159,77,137,120,122,161,115,65,103,134,179,179,176,140,58,6,148,1
1630228,Jonathan Kuminga,Jonathan,1610612744,GSW,20.0,10,5,5,0.5,6.1,1.3,2.4,0.542,0.3,0.7,0.429,0.5,0.9,0.556,0.4,0.5,0.9,0.5,0.4,0.2,0.0,0.0,0.5,0.7,3.4,-2.3,5.4,0,0,5.5,62,67,36,71,157,136,145,38,128,149,33,119,110,139,126,171,165,146,141,141,144,135,164,129,134,137,144,58,6,142,1
1629162,Jordan McLaughlin,Jordan,1610612750,MIN,27.0,2,1,1,0.5,7.1,0.0,2.0,0.0,0.0,1.0,0.0,0.0,0.0,0.0,0.0,1.0,1.0,1.0,0.0,0.0,0.0,0.5,1.0,0.5,0.0,-5.5,2.7,0,0,2.0,180,129,179,71,153,185,152,185,150,130,150,159,161,159,162,140,154,106,178,157,144,63,137,134,190,186,177,58,6,181,1
1629673,Jordan Poole,Jordan,1610612744,GSW,24.0,13,6,7,0.462,21.9,3.5,10.4,0.341,1.2,4.8,0.254,2.0,2.6,0.765,0.3,1.8,2.2,3.5,1.2,0.8,0.2,0.8,2.5,2.6,10.3,-0.4,20.0,0,0,19.2,35,43,24,100,96,81,53,163,74,49,123,46,46,92,138,113,117,39,66,62,108,37,54,47,72,86,82,58,6,83,1
1628404,Josh Hart,Josh,1610612752,NYK,28.0,11,6,5,0.545,32.1,4.1,8.5,0.479,0.9,2.9,0.313,1.3,2.0,0.636,1.6,5.7,7.4,2.2,1.9,0.8,0.3,0.7,3.5,2.6,10.4,-1.7,23.8,3,0,23.0,45,43,36,57,53,67,70,71,99,95,104,70,57,130,33,23,26,64,40,53,95,47,8,46,71,124,67,15,6,63,1
1631169,Josh Minott,Josh,1610612750,MIN,20.0,1,0,1,0.0,6.3,0.0,1.0,0.0,0.0,1.0,0.0,0.0,0.0,0.0,0.0,0.0,0.0,0.0,1.0,2.0,1.0,0.0,1.0,0.0,0.0,-4.0,8.0,0,0,6.0,199,186,179,186,156,185,174,185,150,130,150,159,161,159,162,194,197,180,70,2,20,135,137,179,190,166,135,58,6,139,1
1629006,Josh Okogie,Josh,1610612756,PHX,24.0,10,6,4,0.6,17.5,1.4,3.7,0.378,0.2,1.4,0.143,1.1,1.3,0.846,1.2,0.9,2.1,1.3,0.3,0.6,0.2,0.2,1.8,0.9,4.1,-4.7,10.7,0,0,9.3,62,43,53,33,116,131,128,147,133,123,144,82,89,61,54,153,118,92,152,77,111,103,98,114,129,178,129,58,6,130,1
201950,Jrue Holiday,Jrue,1610612749,MIL,33.0,5,1,4,0.2,38.1,6.8,17.0,0.4,2.4,8.4,0.286,1.8,2.6,0.692,0.8,5.8,6.6,8.0,2.4,1.0,0.4,0.8,2.4,2.4,17.8,0.8,39.5,2,0,37.6,117,129,53,155,20,32,24,133,26,7,113,52,47,112,77,21,33,4,27,38,65,39,57,50,37,55,23,22,6,23,1
203944,Julius Randle,Julius,1610612752,NYK,28.0,10,6,4,0.6,33.0,5.5,14.7,0.374,1.7,6.6,0.258,3.9,5.5,0.709,1.7,6.6,8.3,3.6,3.5,0.5,0.3,0.7,2.4,3.9,16.6,1.5,30.9,4,0,31.8,62,43,53,33,51,44,33,153,56,19,122,27,22,110,32,16,18,36,11,96,90,50,57,31,41,46,41,11,6,38,1
1630551,Justin Champagnie,Justin,1610612738,BOS,22.0,4,4,0,1.0,2.6,0.3,1.0,0.25,0.0,0.8,0.0,0.0,0.0,0.0,0.0,0.0,0.0,0.0,0.0,0.0,0.0,0.0,0.5,0.0,0.5,0.0,0.5,0,0,0.5,152,77,203,1,194,178,174,173,150,146,150,159,161,159,162,194,197,180,178,157,144,135,164,179,183,72,201,58,6,201,1
1626157,Karl-Anthony Towns,Karl-Anthony,1610612750,MIN,27.0,5,1,4,0.2,36.0,6.4,14.0,0.457,1.2,4.8,0.25,4.2,5.6,0.75,1.2,9.0,10.2,2.0,3.6,0.6,0.8,0.8,4.2,6.8,18.2,-9.2,34.0,4,0,34.4,117,129,53,155,37,37,36,91,75,50,124,24,21,95,54,4,8,66,8,77,32,39,2,3,34,208,34,11,6,30,1
202695,Kawhi Leonard,Kawhi,1610612746,LAC,32.0,2,1,1,0.5,40.2,12.0,22.0,0.545,3.0,5.0,0.6,7.5,8.5,0.882,1.5,5.0,6.5,6.0,3.0,2.0,0.5,0.0,2.5,6.0,34.5,-3.5,55.8,0,0,55.0,180,129,179,71,5,2,5,36,4,45,6,3,4,42,39,31,34,19,18,2,48,135,49,7,1,159,2,58,6,2,1
1631099,Keegan Murray,Keegan,1610612758,SAC,22.0,7,3,4,0.429,27.7,3.7,8.3,0.448,1.7,4.6,0.375,0.6,0.9,0.667,2.1,4.1,6.3,0.7,0.6,0.6,0.3,1.0,2.6,1.0,9.7,-1.7,20.3,1,0,20.1,78,85,53,107,72,76,72,97,55,56,60,115,111,117,21,53,39,131,118,91,92,24,44,102,75,123,80,37,6,77,1
1631254,Kenneth Lofton Jr.,Kenneth,1610612763,MEM,20.0,4,2,2,0.5,3.0,0.8,2.0,0.375,0.0,0.5,0.0,0.3,0.5,0.5,0.3,0.5,0.8,0.3,0.0,0.0,0.0,0.0,0.0,0.3,1.8,-2.3,3.0,0,0,2.8,152,102,164,71,191,159,152,150,150,156,150,142,132,142,142,171,170,166,178,157,144,135,184,157,163,135,173,58,6,173,1
203484,Kentavious Caldwell-Pope,Kentavious,1610612743,DEN,30.0,20,16,4,0.8,33.5,3.7,8.1,0.457,1.8,4.6,0.38,1.5,1.8,0.829,0.7,2.6,3.3,1.6,0.8,1.3,0.7,0.3,2.4,2.0,10.6,4.1,21.9,0,0,21.1,9,1,53,12,49,77,78,92,48,54,54,61,68,69,89,91,93,82,104,23,40,93,57,61,67,12,72,58,6,71,1
1630556,Kessler Edwards,Kessler,1610612758,SAC,22.0,6,2,4,0.333,1.2,0.0,0.0,0.0,0.0,0.0,0.0,0.0,0.0,0.0,0.0,0.2,0.2,0.0,0.0,0.0,0.0,0.0,0.0,0.0,0.0,0.8,0.2,0,0,0.2,93,102,53,124,209,185,204,185,150,178,150,159,161,159,162,190,195,180,178,157,144,135,184,179,190,54,204,58,6,205,1
201142,Kevin Durant,Kevin,1610612756,PHX,34.0,11,6,5,0.545,42.3,9.7,20.4,0.478,1.5,4.6,0.333,8.0,8.7,0.917,0.6,8.1,8.7,5.5,3.5,0.8,1.4,0.9,2.6,7.5,29.0,-0.5,50.8,5,0,49.2,45,43,36,57,1,9,14,74,63,52,81,2,3,30,97,9,16,22,10,53,10,35,38,1,7,87,8,7,6,7,1
1628989,Kevin Huerter,Kevin,1610612758,SAC,24.0,7,3,4,0.429,26.2,3.6,10.3,0.347,1.1,5.6,0.205,0.9,1.1,0.75,0.1,4.3,4.4,1.1,0.6,0.4,1.3,0.3,3.3,1.1,9.1,-0.6,20.7,0,0,19.3,78,85,53,107,78,79,55,159,85,35,136,94,95,95,157,48,70,102,118,111,13,87,15,98,82,91,76,58,6,82,1
201567,Kevin Love,Kevin,1610612748,MIA,34.0,20,12,8,0.6,17.9,2.3,6.0,0.378,1.7,4.4,0.375,0.7,0.8,0.875,0.7,4.9,5.6,1.2,0.5,0.5,0.4,0.1,1.8,1.1,6.9,-1.3,17.2,1,0,16.9,9,16,17,33,113,111,101,148,59,60,60,106,117,47,89,35,50,94,123,109,79,134,102,101,101,115,93,37,6,93,1
1626172,Kevon Looney,Kevon,1610612744,GSW,27.0,13,6,7,0.462,25.0,2.8,4.9,0.578,0.0,0.0,0.0,0.8,1.4,0.556,4.7,8.4,13.1,3.3,1.0,0.6,0.4,0.5,2.8,1.4,6.5,3.8,29.1,2,0,24.8,35,43,24,100,86,94,108,23,150,178,150,101,85,139,2,6,3,42,70,76,76,69,35,83,107,14,47,22,6,55,1
203114,Khris Middleton,Khris,1610612749,MIL,31.0,5,1,4,0.2,34.6,8.0,17.2,0.465,2.6,6.4,0.406,5.2,6.0,0.867,1.4,5.0,6.4,6.2,3.4,0.6,0.0,0.8,3.0,4.2,23.8,2.6,39.2,0,0,40.2,117,129,53,155,44,23,23,83,17,21,40,13,15,51,44,31,36,17,13,77,144,39,22,25,15,34,24,58,6,22,1
202691,Klay Thompson,Klay,1610612744,GSW,33.0,13,6,7,0.462,36.0,6.5,16.8,0.388,3.8,10.5,0.368,1.6,1.8,0.875,0.1,4.1,4.2,2.2,2.0,0.5,0.3,0.5,2.2,1.6,18.5,1.5,27.4,0,0,30.5,35,43,24,100,38,34,26,144,2,2,64,54,62,47,160,55,74,61,36,95,88,62,74,70,32,45,53,58,6,41,1
203937,Kyle Anderson,Kyle,1610612750,MIN,29.0,4,1,3,0.25,25.9,3.8,7.5,0.5,0.5,1.5,0.333,0.5,0.5,1.0,0.8,3.3,4.0,4.5,1.5,1.8,0.5,0.5,3.3,0.5,8.5,-6.5,25.3,0,0,22.0,152,129,145,148,83,75,81,53,113,119,81,119,132,1,83,67,75,31,51,10,48,63,17,134,88,197,59,58,6,67,1
200768,Kyle Lowry,Kyle,1610612748,MIA,37.0,23,13,10,0.565,26.1,3.2,7.6,0.425,1.4,3.8,0.375,1.3,1.4,0.939,0.5,3.0,3.5,4.4,1.7,1.0,0.6,0.3,2.6,1.3,9.2,0.7,23.2,0,0,21.9,1,9,1,45,80,89,80,114,66,76,60,65,82,26,112,75,87,32,44,37,43,86,45,85,80,59,69,58,6,69,1
1630205,Lamar Stevens,Lamar,1610612739,CLE,25.0,2,0,2,0.0,4.4,0.5,1.0,0.5,0.5,0.5,1.0,1.0,1.0,1.0,0.0,1.5,1.5,0.0,0.0,0.0,0.0,0.0,0.0,0.5,2.5,3.5,4.3,0,0,4.5,180,186,164,186,171,164,174,53,113,156,1,84,97,1,162,125,136,180,178,157,144,135,184,134,150,19,156,58,6,154,1
1629013,Landry Shamet,Landry,1610612756,PHX,26.0,10,6,4,0.6,18.4,1.7,4.5,0.378,1.1,2.9,0.379,0.3,0.4,0.75,0.3,1.4,1.7,1.1,0.4,0.2,0.1,0.2,1.5,0.8,4.8,-2.6,9.0,0,0,9.3,62,43,53,33,108,123,115,149,87,96,55,139,145,95,139,130,132,104,141,141,141,103,119,121,122,143,132,58,6,130,1
2544,LeBron James,LeBron,1610612747,LAL,38.0,16,8,8,0.5,38.7,9.2,18.4,0.498,1.8,6.6,0.264,4.4,5.8,0.761,1.6,8.3,9.9,6.5,2.5,1.1,1.1,0.5,1.8,4.4,24.5,0.8,50.2,9,0,47.0,26,27,17,71,14,15,19,64,48,18,120,22,19,93,37,8,10,14,25,32,18,63,102,22,14,57,9,5,6,11,1
1628379,Luke Kennard,Luke,1610612763,MEM,27.0,5,2,3,0.4,21.3,2.4,4.6,0.522,1.6,3.2,0.5,0.8,0.8,1.0,1.0,3.0,4.0,1.4,0.2,0.8,0.0,0.2,1.6,0.4,7.2,7.8,16.3,0,0,15.8,117,102,145,121,99,107,112,46,60,90,10,100,117,1,64,75,75,89,161,57,144,103,111,146,98,5,97,58,6,96,1
1628436,Luke Kornet,Luke,1610612738,BOS,27.0,8,5,3,0.625,4.0,0.9,1.0,0.875,0.1,0.1,1.0,0.3,0.3,1.0,0.6,0.6,1.3,0.0,0.0,0.0,0.1,0.0,0.3,0.3,2.1,0.4,4.0,0,0,3.8,71,67,145,30,173,156,174,3,145,175,1,142,154,1,100,165,148,180,178,157,137,135,177,157,156,65,162,58,6,164,1
1627763,Malcolm Brogdon,Malcolm,1610612738,BOS,30.0,19,10,9,0.526,24.9,4.3,10.3,0.418,1.7,4.6,0.379,1.5,1.8,0.829,0.7,2.8,3.5,2.9,1.0,0.2,0.3,0.6,1.5,1.6,11.9,3.0,20.7,0,0,20.8,23,24,7,69,88,65,54,122,53,55,55,58,63,69,92,87,89,46,70,151,98,57,117,68,62,25,78,58,6,75,1
1627736,Malik Beasley,Malik,1610612747,LAL,26.0,11,6,5,0.545,8.3,0.9,3.1,0.294,0.6,2.4,0.269,0.5,0.5,1.0,0.3,0.5,0.7,0.2,0.2,0.1,0.0,0.3,0.5,0.3,3.0,-0.9,4.2,0,0,4.7,45,43,36,57,150,155,140,170,109,105,118,116,131,1,141,180,171,173,166,155,144,90,162,155,142,101,157,58,6,153,1
1628370,Malik Monk,Malik,1610612758,SAC,25.0,7,3,4,0.429,29.3,5.4,13.3,0.409,1.9,5.6,0.333,6.3,7.0,0.898,0.9,4.6,5.4,3.6,2.0,0.7,0.4,1.1,2.1,5.0,19.0,5.1,32.3,0,0,32.1,78,85,53,107,67,46,41,129,44,35,81,6,8,37,72,38,53,37,36,68,62,22,76,14,30,9,36,58,6,34,1
1630699,MarJon Beauchamp,MarJon,1610612749,MIL,22.0,2,1,1,0.5,2.6,1.0,1.5,0.667,0.5,0.5,1.0,0.0,0.0,0.0,0.0,0.5,0.5,0.0,0.0,0.0,0.0,0.0,0.0,0.5,2.5,0.0,3.1,0,0,3.5,180,129,179,71,195,143,165,8,113,156,1,159,161,159,162,171,178,180,178,157,144,135,184,134,150,72,171,58,6,166,1
202694,Marcus Morris Sr.,Marcus,1610612746,LAC,33.0,3,0,3,0.0,22.8,3.3,9.7,0.345,0.7,4.0,0.167,1.3,1.3,1.0,0.3,3.7,4.0,0.0,0.3,0.3,0.3,0.3,2.0,1.0,8.7,-13.7,15.1,0,0,14.7,172,186,145,186,90,85,58,160,106,66,142,66,87,1,130,63,75,180,146,125,81,82,85,102,85,212,103,58,6,103,1
203935,Marcus Smart,Marcus,1610612738,BOS,29.0,20,11,9,0.55,34.0,5.1,11.2,0.453,2.2,6.1,0.361,2.6,3.3,0.8,1.1,3.0,4.0,5.1,2.3,1.3,0.3,0.5,1.9,3.6,14.9,2.5,29.5,1,0,29.2,9,17,7,51,47,50,51,95,32,28,69,35,40,75,63,82,75,26,30,24,99,63,95,33,47,37,45,37,6,45,1
203486,Mason Plumlee,Mason,1610612746,LAC,33.0,5,1,4,0.2,18.1,2.8,3.2,0.875,0.0,0.0,0.0,2.6,2.8,0.929,3.2,3.6,6.8,1.8,0.6,0.4,0.4,0.2,3.0,2.2,8.2,2.6,20.9,1,0,18.4,117,129,53,155,111,96,137,3,150,178,150,35,44,28,7,64,31,74,116,115,65,103,22,54,91,34,75,37,6,87,1
1631108,Max Christie,Max,1610612747,LAL,20.0,9,4,5,0.444,3.7,0.6,1.1,0.5,0.1,0.4,0.25,0.2,0.4,0.5,0.1,0.7,0.8,0.3,0.0,0.0,0.1,0.0,0.0,0.2,1.4,1.8,3.2,0,0,2.9,69,77,36,106,178,163,173,53,148,163,124,148,143,142,159,164,169,156,178,157,139,135,184,167,167,41,169,58,6,171,1
1629622,Max Strus,Max,1610612748,MIA,27.0,23,13,10,0.565,28.1,3.3,8.2,0.402,1.9,5.9,0.319,0.9,1.1,0.8,0.6,3.0,3.6,1.4,0.3,0.3,0.3,0.4,2.0,1.2,9.3,-1.0,17.5,0,0,17.6,1,9,1,45,69,86,74,132,43,29,102,93,96,75,102,75,85,88,157,123,89,73,84,93,79,107,92,58,6,90,1
203086,Meyers Leonard,Meyers,1610612749,MIL,31.0,2,1,1,0.5,2.6,0.0,0.5,0.0,0.0,0.0,0.0,0.0,0.0,0.0,0.0,0.5,0.5,0.0,0.0,0.0,0.0,0.0,0.0,0.0,0.0,0.0,0.6,0,0,0.5,180,129,179,71,195,185,196,185,150,178,150,159,161,159,162,171,178,180,178,157,144,135,184,179,190,72,198,58,6,201,1
1629008,Michael Porter Jr.,Michael,1610612743,DEN,25.0,20,16,4,0.8,32.6,5.0,11.7,0.423,2.3,6.6,0.351,1.2,1.5,0.793,1.0,7.1,8.1,1.6,0.5,0.5,0.6,0.5,2.1,1.3,13.4,7.5,28.1,8,0,27.4,9,1,53,12,52,55,49,118,31,20,75,80,81,84,64,12,20,82,137,96,46,71,80,86,49,6,49,6,6,49,1
1628969,Mikal Bridges,Mikal,1610612751,BKN,26.0,4,0,4,0.0,39.4,8.3,19.3,0.429,2.5,6.3,0.4,4.5,5.8,0.783,0.5,4.8,5.3,4.0,2.0,0.5,0.5,1.3,1.3,4.0,23.5,-11.3,36.8,0,0,37.3,152,186,53,186,12,20,18,106,22,24,42,18,19,85,113,37,55,33,36,96,48,13,131,30,18,211,26,58,6,24,1
201144,Mike Conley,Mike,1610612750,MIN,35.0,5,1,4,0.2,36.6,4.0,8.4,0.476,2.0,4.4,0.455,2.0,2.2,0.909,0.4,2.2,2.6,6.4,1.4,0.6,0.0,0.4,2.2,3.2,12.0,-3.4,25.1,0,0,24.2,117,129,53,155,34,68,71,75,34,60,26,46,55,34,126,97,108,16,55,77,144,74,70,38,58,158,61,58,6,57,1
203488,Mike Muscala,Mike,1610612738,BOS,31.0,6,3,3,0.5,3.5,0.3,0.7,0.5,0.3,0.7,0.5,0.5,0.7,0.75,0.5,0.2,0.7,0.2,0.2,0.0,0.0,0.0,0.2,0.3,1.5,1.8,2.4,0,0,2.7,93,85,145,71,180,176,191,53,125,150,10,119,123,95,113,190,174,175,167,157,144,135,181,149,166,39,182,58,6,175,1
1630540,Miles McBride,Miles,1610612752,NYK,22.0,8,4,4,0.5,2.5,0.1,0.5,0.25,0.1,0.4,0.333,0.0,0.0,0.0,0.0,0.3,0.3,0.1,0.0,0.0,0.1,0.0,0.1,0.3,0.4,-1.1,1.2,0,0,1.1,71,77,53,71,198,184,196,173,145,165,81,159,161,159,162,187,193,179,178,157,137,135,183,157,188,108,189,58,6,191,1
1629011,Mitchell Robinson,Mitchell,1610612752,NYK,25.0,11,6,5,0.545,27.1,2.6,4.4,0.604,0.0,0.0,0.0,1.2,3.0,0.394,5.0,4.3,9.3,0.8,0.9,0.7,1.5,0.4,2.6,2.4,6.5,-0.1,24.4,2,0,20.9,45,43,36,57,74,99,119,17,150,178,150,78,42,156,1,50,15,121,91,66,8,81,38,51,108,80,63,22,6,74,1
1628964,Mo Bamba,Mo,1610612747,LAL,25.0,3,2,1,0.667,3.4,0.0,0.7,0.0,0.0,0.3,0.0,0.0,0.0,0.0,0.0,1.0,1.0,0.3,0.0,0.0,0.3,0.0,0.0,0.0,0.0,2.7,2.7,0,0,2.0,172,102,179,21,186,185,191,185,150,166,150,159,161,159,162,140,154,156,178,157,81,135,184,179,190,29,177,58,6,181,1
1626149,Montrezl Harrell,Montrezl,1610612755,PHI,29.0,2,2,0,1.0,3.5,0.0,1.5,0.0,0.0,0.0,0.0,0.0,0.0,0.0,0.0,0.5,0.5,0.0,0.0,0.0,0.0,0.0,0.0,0.0,0.0,-1.5,0.6,0,0,0.5,180,102,203,1,183,185,165,185,150,178,150,159,161,159,162,171,178,180,178,157,144,135,184,179,190,118,198,58,6,201,1
1630541,Moses Moody,Moses,1610612744,GSW,21.0,12,6,6,0.5,13.4,1.9,3.6,0.535,1.1,1.8,0.591,0.9,1.0,0.917,0.6,2.0,2.6,0.7,0.2,0.4,0.3,0.1,1.5,0.8,5.8,-1.2,12.0,0,0,11.7,41,43,34,71,130,117,129,39,89,113,7,92,97,30,107,104,109,135,167,114,81,131,119,124,117,109,120,58,6,122,1
1630233,Nathan Knight,Nathan,1610612750,MIN,25.0,2,0,2,0.0,2.4,0.5,2.0,0.25,0.0,1.0,0.0,0.0,0.0,0.0,0.5,0.0,0.5,0.0,0.5,0.0,0.0,0.0,0.0,0.0,1.0,-1.5,1.1,0,0,1.5,180,186,164,186,201,164,152,173,150,130,150,159,161,159,113,194,178,180,123,157,144,135,184,179,173,118,194,58,6,187,1
1629651,Nic Claxton,Nic,1610612751,BKN,24.0,4,0,4,0.0,29.2,4.5,6.3,0.72,0.0,0.0,0.0,1.5,2.5,0.6,1.3,6.8,8.0,1.5,0.8,0.3,1.8,0.0,2.0,3.0,10.5,-6.3,27.6,1,0,24.0,152,186,53,186,68,59,98,7,150,178,150,59,50,134,50,15,21,84,104,133,6,135,85,40,69,195,51,37,6,60,1
1629638,Nickeil Alexander-Walker,Nickeil,1610612750,MIN,24.0,5,1,4,0.2,29.6,3.0,7.0,0.429,2.0,5.0,0.4,0.4,0.6,0.667,0.2,1.8,2.0,1.4,0.8,0.6,0.2,0.0,1.8,1.6,8.4,0.6,14.5,0,0,15.4,117,129,53,155,64,90,87,106,34,45,42,131,128,117,147,115,120,89,97,77,111,135,98,71,89,60,108,58,6,98,1
201587,Nicolas Batum,Nicolas,1610612746,LAC,34.0,5,1,4,0.2,18.3,1.6,3.8,0.421,1.2,3.4,0.353,0.0,0.0,0.0,0.2,2.0,2.2,1.2,0.4,0.4,0.4,0.2,2.0,0.2,4.4,-5.6,10.8,0,0,10.6,117,129,53,155,109,127,127,121,75,86,73,159,161,159,147,104,115,94,141,115,65,103,85,168,126,187,128,58,6,126,1
203999,Nikola Jokić,Nikola,1610612743,DEN,28.0,20,16,4,0.8,39.4,11.4,20.7,0.548,1.8,3.8,0.461,5.6,7.0,0.799,3.5,10.0,13.5,9.5,3.5,1.1,1.0,0.9,3.5,6.7,30.0,8.5,63.0,18,10,58.8,9,1,53,12,11,3,11,35,48,77,25,11,9,83,5,2,2,2,11,33,20,36,9,5,5,4,1,1,1,1,1
1631107,Nikola Jović,Nikola,1610612748,MIA,20.0,7,3,4,0.429,1.8,0.1,0.6,0.25,0.0,0.3,0.0,0.0,0.0,0.0,0.1,0.6,0.7,0.0,0.0,0.0,0.0,0.1,0.0,0.0,0.3,0.6,1.1,0,0,1.0,78,85,53,107,207,183,195,173,150,169,150,159,161,159,157,170,172,180,178,157,144,120,184,179,189,62,193,58,6,192,1
1626181,Norman Powell,Norman,1610612746,LAC,30.0,5,1,4,0.2,33.5,7.2,15.2,0.474,2.6,6.4,0.406,4.8,6.2,0.774,0.8,2.2,3.0,2.2,1.6,0.8,0.4,1.8,3.2,4.4,21.8,-2.6,30.7,0,0,32.0,117,129,53,155,50,28,30,78,17,21,40,15,12,87,77,97,97,62,47,57,65,4,18,23,25,143,42,58,6,35,1
1630167,Obi Toppin,Obi,1610612752,NYK,25.0,11,6,5,0.545,15.9,2.7,6.4,0.429,1.2,3.9,0.302,0.4,0.5,0.8,0.9,2.6,3.5,0.6,0.7,0.7,0.3,0.1,1.1,0.3,7.0,-0.3,14.5,0,0,14.4,45,43,36,57,125,97,96,106,80,72,107,133,142,75,71,89,86,137,108,66,95,128,136,155,100,83,109,58,6,106,1
1630168,Onyeka Okongwu,Onyeka,1610612737,ATL,22.0,6,2,4,0.333,21.9,2.5,4.2,0.6,0.2,0.2,1.0,0.8,1.7,0.5,3.2,3.2,6.3,1.2,1.2,0.3,1.3,0.3,3.0,1.7,6.0,-2.3,19.2,0,0,17.0,93,102,53,124,95,102,121,18,136,171,1,96,72,142,9,71,38,99,64,125,12,82,22,66,113,138,86,58,6,92,1
200782,P.J. Tucker,P.J.,1610612755,PHI,38.0,11,7,4,0.636,26.7,1.7,4.6,0.373,1.3,3.6,0.35,0.2,0.3,0.667,1.6,2.9,4.5,1.5,0.5,1.2,0.3,0.1,2.5,1.2,4.9,-0.9,16.5,0,0,15.1,45,35,53,23,75,122,111,154,72,81,76,152,153,117,33,83,66,87,134,28,95,128,46,91,121,101,95,58,6,101,1
1628408,PJ Dozier,PJ,1610612758,SAC,26.0,3,1,2,0.333,2.0,1.0,2.0,0.5,0.7,1.3,0.5,0.0,0.0,0.0,0.3,0.3,0.7,0.0,0.0,0.0,0.0,0.0,0.0,0.3,2.7,2.7,3.5,0,0,4.0,172,129,164,124,204,143,152,53,106,125,10,159,161,159,130,184,174,180,178,157,144,135,184,149,148,29,165,58,6,160,1
1626192,Pat Connaughton,Pat,1610612749,MIL,30.0,4,1,3,0.25,22.1,4.3,7.5,0.567,2.8,5.8,0.478,0.8,1.0,0.75,1.0,4.0,5.0,1.8,0.5,1.0,0.3,0.0,2.5,1.3,12.0,-5.3,23.9,0,0,24.0,152,129,145,148,93,66,81,28,14,32,21,102,97,95,64,56,57,76,123,38,99,135,49,86,58,181,66,58,6,60,1
1631116,Patrick Baldwin Jr.,Patrick,1610612744,GSW,20.0,3,1,2,0.333,3.8,0.0,1.0,0.0,0.0,1.0,0.0,0.0,0.0,0.0,0.0,1.0,1.0,0.3,0.0,0.0,0.0,0.0,0.0,0.0,0.0,-1.3,1.7,0,0,1.3,172,129,164,124,175,185,174,185,150,130,150,159,161,159,162,140,154,156,178,157,144,135,184,179,190,116,186,58,6,188,1
201988,Patty Mills,Patty,1610612751,BKN,34.0,1,0,1,0.0,5.3,0.0,2.0,0.0,0.0,2.0,0.0,0.0,0.0,0.0,0.0,0.0,0.0,0.0,0.0,0.0,0.0,0.0,1.0,1.0,0.0,-1.0,0.0,0,0,0.0,199,186,179,186,165,185,152,185,150,109,150,159,161,159,162,194,197,180,178,157,144,135,137,102,190,103,206,58,6,206,1
1630194,Paul Reed,Paul,1610612755,PHI,24.0,11,7,4,0.636,14.3,2.0,3.5,0.579,0.0,0.0,0.0,0.6,0.6,1.0,2.5,3.0,5.5,0.6,0.5,0.5,0.4,0.3,1.4,0.5,4.6,0.5,14.3,2,0,12.5,45,35,53,23,129,114,132,22,150,178,150,110,127,1,18,75,51,137,121,94,77,90,129,133,123,63,110,22,6,117,1
1630202,Payton Pritchard,Payton,1610612738,BOS,25.0,10,6,4,0.6,5.7,1.2,2.2,0.545,0.4,1.0,0.4,0.4,0.5,0.8,0.0,0.6,0.6,1.1,0.5,0.1,0.0,0.0,0.3,0.3,3.2,0.8,5.4,0,0,5.5,62,43,53,33,161,140,149,36,122,130,42,131,132,75,162,166,176,104,123,153,144,135,176,153,139,55,145,58,6,142,1
1631212,Peyton Watson,Peyton,1610612743,DEN,20.0,5,5,0,1.0,2.7,0.4,1.0,0.4,0.2,0.4,0.5,0.0,0.0,0.0,0.2,0.6,0.8,0.2,0.2,0.0,0.2,0.0,0.4,0.2,1.0,-1.2,2.7,0,0,2.6,117,67,203,1,193,172,174,133,133,164,10,159,161,159,147,166,167,171,161,157,111,135,172,168,173,111,180,58,6,177,1
1629628,RJ Barrett,RJ,1610612752,NYK,23.0,11,6,5,0.545,34.3,6.5,14.9,0.433,1.8,5.5,0.328,4.5,5.9,0.769,0.5,4.0,4.5,2.8,2.3,0.8,0.2,1.2,2.3,3.5,19.3,-2.1,29.6,0,0,30.4,45,43,36,57,45,36,32,102,46,37,96,17,17,88,124,56,68,49,29,53,127,17,68,35,29,134,44,58,6,42,1
203526,Raul Neto,Raul,1610612739,CLE,31.0,2,1,1,0.5,3.5,0.0,0.5,0.0,0.0,0.5,0.0,0.5,1.0,0.5,0.0,0.0,0.0,0.5,1.0,0.0,0.0,0.0,1.0,0.5,0.5,-2.0,0.3,0,0,1.0,180,129,179,71,185,185,196,185,150,156,150,119,97,142,162,194,197,146,70,157,144,135,137,134,183,129,203,58,6,192,1
202704,Reggie Jackson,Reggie,1610612743,DEN,33.0,6,6,0,1.0,3.0,0.2,0.3,0.5,0.2,0.3,0.5,0.0,0.0,0.0,0.0,0.3,0.3,0.3,0.2,0.2,0.0,0.0,0.0,0.0,0.5,-0.7,1.7,0,0,1.7,93,43,203,1,189,181,201,53,136,166,10,159,161,159,162,184,190,156,167,145,144,135,184,179,183,93,185,58,6,186,1
201937,Ricky Rubio,Ricky,1610612739,CLE,32.0,3,0,3,0.0,5.7,0.0,0.3,0.0,0.0,0.0,0.0,0.0,0.0,0.0,0.7,1.3,2.0,1.0,1.7,0.3,0.0,0.0,1.7,0.0,0.0,-2.3,3.2,0,0,3.7,172,186,145,186,162,185,201,185,150,178,150,159,161,159,93,132,120,106,46,125,144,135,109,179,190,138,168,58,6,165,1
203496,Robert Covington,Robert,1610612746,LAC,32.0,2,0,2,0.0,6.0,0.0,1.5,0.0,0.0,1.0,0.0,0.0,0.0,0.0,0.0,1.0,1.0,1.0,0.0,0.0,0.5,0.0,1.0,0.0,0.0,-3.0,4.2,0,0,3.0,180,186,164,186,159,185,165,185,150,130,150,159,161,159,162,140,154,106,178,157,48,135,137,179,190,148,158,58,6,168,1
1629057,Robert Williams III,Robert,1610612738,BOS,25.0,20,11,9,0.55,20.9,3.4,4.3,0.788,0.0,0.1,0.0,1.0,1.4,0.679,1.8,4.2,6.0,1.0,0.8,0.5,1.3,0.3,2.2,1.2,7.7,1.3,20.5,1,0,18.0,9,17,7,51,100,84,120,5,150,177,150,90,83,116,27,52,43,118,97,109,14,93,70,97,95,50,79,37,6,89,1
201577,Robin Lopez,Robin,1610612739,CLE,35.0,2,1,1,0.5,3.0,1.5,1.5,1.0,0.0,0.0,0.0,1.0,1.0,1.0,0.5,0.0,0.5,0.0,0.5,0.0,0.0,0.0,1.0,0.5,4.0,1.5,4.1,0,0,4.5,180,129,179,71,188,129,165,1,150,178,150,84,97,1,113,194,178,180,123,157,144,135,137,134,131,46,161,58,6,154,1
1626220,Royce O'Neale,Royce,1610612751,BKN,30.0,4,0,4,0.0,29.5,1.8,7.3,0.241,1.0,5.5,0.182,0.5,0.5,1.0,1.0,3.3,4.3,3.5,1.0,1.3,0.3,0.3,2.8,1.3,5.0,-10.0,18.9,0,0,16.8,152,186,53,186,66,121,85,178,90,39,140,119,132,1,64,67,73,40,70,24,99,93,36,86,120,210,89,58,6,94,1
203497,Rudy Gobert,Rudy,1610612750,MIN,31.0,5,1,4,0.2,35.4,5.8,9.2,0.63,0.0,0.0,0.0,3.4,5.4,0.63,3.6,8.6,12.2,2.0,1.6,0.4,1.0,0.6,4.8,4.2,15.0,-3.6,35.2,3,0,32.0,117,129,53,155,42,42,61,12,150,178,150,31,24,131,4,5,4,66,47,115,20,53,1,25,45,161,31,15,6,35,1
1629060,Rui Hachimura,Rui,1610612747,LAL,25.0,16,8,8,0.5,24.3,4.6,8.2,0.557,1.2,2.4,0.487,1.9,2.1,0.882,0.6,3.1,3.6,0.6,0.6,0.5,0.3,0.6,1.6,1.5,12.2,1.2,19.1,0,0,19.1,26,27,17,71,89,58,77,31,79,103,19,51,56,42,108,74,84,139,114,96,99,59,115,76,57,52,87,58,6,84,1
201566,Russell Westbrook,Russell,1610612746,LAC,34.0,5,1,4,0.2,38.5,8.6,21.0,0.41,2.0,5.6,0.357,4.4,5.0,0.88,1.8,5.8,7.6,7.4,4.0,1.2,1.4,1.2,3.0,4.6,23.6,-5.4,47.6,1,0,45.8,117,129,53,155,18,19,8,127,34,34,71,21,26,45,27,21,24,7,2,27,9,16,22,19,17,185,12,37,6,12,1
1630180,Saddiq Bey,Saddiq,1610612737,ATL,24.0,6,2,4,0.333,22.1,2.5,6.7,0.375,1.2,3.0,0.389,1.3,1.5,0.889,1.2,2.8,4.0,1.0,0.3,0.5,0.0,0.5,0.5,1.2,7.5,-5.7,15.0,0,0,14.7,93,102,53,124,92,102,90,150,81,93,49,66,78,40,57,84,75,106,146,96,144,63,164,94,96,189,104,58,6,103,1
1630573,Sam Hauser,Sam,1610612738,BOS,25.0,15,9,6,0.6,6.9,0.7,1.9,0.345,0.5,1.6,0.333,0.1,0.1,1.0,0.3,0.8,1.1,0.3,0.0,0.1,0.1,0.1,0.5,0.1,2.0,1.7,4.4,0,0,4.3,32,25,34,33,155,162,160,160,112,118,81,157,160,1,130,158,153,165,178,156,135,132,163,178,158,44,155,58,6,158,1
1630583,Santi Aldama,Santi,1610612763,MEM,22.0,6,2,4,0.333,16.8,2.5,5.5,0.455,1.2,2.5,0.467,0.3,0.3,1.0,1.2,3.2,4.3,1.2,0.3,0.5,0.0,0.2,0.8,0.8,6.5,-6.3,14.6,0,0,14.2,93,102,53,124,119,102,104,93,81,101,23,134,148,1,57,71,71,99,146,96,144,115,153,117,106,196,107,58,6,108,1
1629003,Shake Milton,Shake,1610612755,PHI,26.0,6,3,3,0.5,3.5,0.5,0.8,0.6,0.0,0.2,0.0,0.3,0.3,1.0,0.0,0.5,0.5,0.3,0.2,0.3,0.0,0.0,0.5,0.3,1.3,-0.7,3.3,0,0,2.8,93,85,145,71,182,164,187,18,150,171,150,134,148,1,162,171,178,156,167,125,144,135,164,149,168,93,167,58,6,172,1
1627885,Shaquille Harrison,Shaquille,1610612747,LAL,29.0,8,3,5,0.375,3.5,0.5,0.9,0.571,0.1,0.1,1.0,0.1,0.3,0.5,0.0,0.4,0.4,1.1,0.0,0.3,0.0,0.1,0.4,0.1,1.3,0.3,4.1,0,0,3.4,71,85,36,123,184,164,186,26,145,175,1,158,154,142,162,182,188,103,178,133,144,126,173,173,169,68,160,58,6,167,1
203915,Spencer Dinwiddie,Spencer,1610612751,BKN,30.0,4,0,4,0.0,39.8,5.5,12.8,0.431,1.8,4.5,0.389,3.8,5.5,0.682,0.3,3.0,3.3,6.5,3.0,1.3,0.3,1.0,1.8,4.5,16.5,-7.5,31.7,0,0,31.0,152,186,53,186,8,44,44,104,48,58,49,29,22,114,142,75,93,14,18,24,99,24,102,21,42,205,38,58,6,39,1
201939,Stephen Curry,Stephen,1610612744,GSW,35.0,13,6,7,0.462,37.9,11.2,23.9,0.466,4.4,12.1,0.363,3.8,4.5,0.845,0.7,4.5,5.2,6.1,3.2,1.0,0.5,1.0,2.6,4.5,30.5,3.6,46.9,2,1,49.0,35,43,24,100,25,4,2,82,1,1,67,28,30,63,91,41,56,18,16,38,59,24,41,20,4,18,13,22,2,8,1
203933,T.J. Warren,T.J.,1610612756,PHX,29.0,6,4,2,0.667,13.4,1.0,3.2,0.316,0.2,1.2,0.143,0.5,0.7,0.75,0.3,0.8,1.2,0.5,0.2,0.2,0.5,0.2,0.8,0.5,2.7,1.5,6.7,0,0,5.8,93,77,164,21,131,143,138,165,136,128,144,119,123,95,130,156,152,146,167,145,48,115,153,134,148,46,138,58,6,140,1
1627752,Taurean Prince,Taurean,1610612750,MIN,29.0,5,1,4,0.2,20.0,2.4,6.6,0.364,1.6,4.2,0.381,1.4,1.8,0.778,0.6,0.8,1.4,0.8,1.0,0.6,0.2,0.4,1.8,1.0,7.8,-7.0,12.1,0,0,13.2,117,129,53,155,103,107,91,155,60,64,53,63,64,86,103,158,141,122,70,77,111,74,98,102,94,201,119,58,6,113,1
1629611,Terance Mann,Terance,1610612746,LAC,26.0,5,1,4,0.2,26.6,3.8,6.6,0.576,1.8,3.8,0.474,1.2,1.8,0.667,1.4,1.8,3.2,2.2,1.8,0.8,0.2,0.4,3.4,1.8,10.6,3.8,18.9,0,0,19.8,117,129,53,155,76,73,91,25,47,77,22,73,64,117,44,115,95,62,43,57,111,74,10,64,67,15,88,58,6,80,1
1629056,Terence Davis,Terence,1610612758,SAC,26.0,4,2,2,0.5,14.4,2.0,5.0,0.4,1.5,4.3,0.353,0.5,0.5,1.0,0.5,1.8,2.3,1.5,0.5,0.3,0.0,0.3,3.0,0.5,6.0,-1.5,11.2,0,0,11.8,152,102,164,71,127,114,106,133,64,62,73,119,132,1,113,119,114,84,123,133,144,93,22,134,113,118,125,58,6,121,1
203082,Terrence Ross,Terrence,1610612756,PHX,32.0,6,2,4,0.333,11.5,1.3,4.5,0.296,1.0,3.7,0.273,0.0,0.0,0.0,0.0,1.3,1.3,0.2,0.2,0.2,0.3,0.0,1.0,0.0,3.7,-1.0,6.9,0,0,7.2,93,102,53,124,138,133,115,169,90,80,117,159,161,159,162,132,145,175,167,145,81,135,137,179,133,103,137,58,6,135,1
203648,Thanasis Antetokounmpo,Thanasis,1610612749,MIL,30.0,2,1,1,0.5,2.6,0.0,0.0,0.0,0.0,0.0,0.0,0.0,0.0,0.0,0.0,0.0,0.0,0.0,0.0,0.0,0.0,0.0,0.0,0.0,0.0,0.0,0.0,0,0,0.0,180,129,179,71,195,185,204,185,150,178,150,159,161,159,162,194,197,180,178,157,144,135,184,179,190,72,206,58,6,206,1
1628418,Thomas Bryant,Thomas,1610612743,DEN,25.0,1,1,0,1.0,0.5,0.0,0.0,0.0,0.0,0.0,0.0,0.0,0.0,0.0,0.0,0.0,0.0,0.0,0.0,0.0,0.0,0.0,0.0,0.0,0.0,0.0,0.0,0,0,0.0,199,129,203,1,213,185,204,185,150,178,150,159,161,159,162,194,197,180,178,157,144,135,184,179,190,72,206,58,6,206,1
202699,Tobias Harris,Tobias,1610612755,PHI,30.0,11,7,4,0.636,35.6,6.4,12.2,0.522,1.4,3.7,0.366,1.2,1.4,0.867,1.5,5.7,7.3,1.6,0.7,0.6,0.5,0.7,2.5,1.2,15.3,-0.8,29.3,3,0,27.9,45,35,53,23,41,39,47,45,69,79,65,78,86,51,38,23,27,79,108,74,47,47,46,91,44,99,46,15,6,47,1
1628470,Torrey Craig,Torrey,1610612756,PHX,32.0,11,6,5,0.545,16.7,2.4,4.1,0.578,1.0,2.3,0.44,0.7,0.8,0.889,0.6,1.6,2.3,0.5,0.3,0.5,0.2,0.0,2.1,0.5,6.5,0.1,11.6,0,0,11.5,45,43,36,57,120,110,122,24,90,108,32,103,116,40,97,123,113,145,155,108,127,135,81,145,108,71,122,58,6,123,1
1629027,Trae Young,Trae,1610612737,ATL,24.0,6,2,4,0.333,38.3,10.0,24.8,0.403,3.0,9.0,0.333,6.2,7.2,0.86,0.8,2.8,3.7,10.2,4.0,1.7,0.7,2.2,1.8,6.0,29.2,-6.2,51.8,3,0,50.7,93,102,53,124,19,6,1,130,4,3,81,7,7,55,74,84,82,1,2,13,36,2,96,7,6,192,6,15,6,5,1
1626168,Trey Lyles,Trey,1610612758,SAC,27.0,7,3,4,0.429,16.8,2.4,5.7,0.425,1.3,3.9,0.333,0.4,0.7,0.6,1.3,4.4,5.7,0.7,0.4,0.3,0.0,0.1,1.7,1.4,6.6,2.9,14.9,0,0,14.9,78,85,53,107,118,105,103,115,70,73,81,130,121,134,47,42,45,131,139,132,144,120,107,78,105,27,106,58,6,102,1
202684,Tristan Thompson,Tristan,1610612747,LAL,32.0,6,2,4,0.333,5.4,0.8,1.8,0.455,0.0,0.0,0.0,0.2,0.8,0.2,0.7,1.0,1.7,0.3,0.2,0.0,0.0,0.0,0.2,0.8,1.8,1.3,4.2,0,0,3.8,93,102,53,124,164,157,161,93,150,178,150,153,114,158,93,140,133,156,167,157,144,135,181,117,161,49,159,58,6,163,1
1628972,Troy Brown Jr.,Troy,1610612747,LAL,23.0,12,7,5,0.583,10.4,0.8,2.3,0.357,0.2,1.3,0.133,0.0,0.0,0.0,0.3,1.7,2.0,0.9,0.0,0.2,0.1,0.0,0.3,0.1,1.8,-1.4,6.4,0,0,5.4,41,35,36,43,141,157,147,157,136,126,147,159,161,159,130,122,120,119,178,145,143,135,174,177,161,117,141,58,6,145,1
1629639,Tyler Herro,Tyler,1610612748,MIA,23.0,1,1,0,1.0,19.5,5.0,9.0,0.556,2.0,4.0,0.5,0.0,0.0,0.0,0.0,2.0,2.0,2.0,1.0,0.0,1.0,0.0,1.0,0.0,12.0,13.0,19.4,0,0,20.0,199,129,203,1,106,52,63,32,34,66,10,159,161,159,162,104,120,66,70,157,20,135,137,179,58,1,85,58,6,78,1
1630178,Tyrese Maxey,Tyrese,1610612755,PHI,22.0,11,7,4,0.636,38.5,7.5,17.5,0.427,3.1,7.7,0.4,2.5,2.8,0.903,0.8,4.0,4.8,2.3,0.7,1.4,0.5,1.0,2.4,1.8,20.5,0.4,34.5,0,0,34.4,45,35,53,23,17,25,22,112,3,10,42,39,43,36,75,56,62,60,108,21,60,24,64,63,27,66,32,58,6,32,1
1626145,Tyus Jones,Tyus,1610612763,MEM,27.0,6,2,4,0.333,20.0,1.8,6.0,0.306,0.5,3.2,0.158,0.3,0.5,0.667,0.5,2.5,3.0,3.7,1.3,1.3,0.0,0.0,0.8,1.0,4.5,-3.2,16.3,0,0,14.3,93,102,53,124,102,119,99,167,113,91,143,134,132,117,113,93,97,35,56,22,144,135,153,102,125,153,98,58,6,107,1
2617,Udonis Haslem,Udonis,1610612748,MIA,43.0,2,1,1,0.5,1.5,0.0,1.5,0.0,0.0,0.5,0.0,0.0,0.0,0.0,0.0,0.5,0.5,0.0,0.0,0.0,0.0,0.0,0.0,0.0,0.0,-2.5,0.6,0,0,0.5,180,129,179,71,208,185,165,185,150,156,150,159,161,159,162,171,178,180,178,157,144,135,184,179,190,141,198,58,6,201,1
203506,Victor Oladipo,Victor,1610612748,MIA,31.0,2,1,1,0.5,22.7,5.0,9.5,0.526,1.0,2.5,0.4,0.5,1.5,0.333,0.5,3.0,3.5,1.0,1.0,1.0,0.5,0.0,2.5,1.5,11.5,0.0,20.7,0,0,20.0,180,129,179,71,91,52,60,44,90,101,42,119,78,157,113,75,88,106,70,38,48,135,49,76,64,72,77,58,6,78,1
1628427,Vlatko Čančar,Vlatko,1610612743,DEN,26.0,5,5,0,1.0,2.0,0.0,1.0,0.0,0.0,0.8,0.0,0.0,0.0,0.0,0.0,0.6,0.6,0.2,0.0,0.0,0.0,0.0,0.0,0.0,0.0,-1.8,1.0,0,0,0.8,117,67,203,1,206,185,174,185,150,144,150,159,161,159,162,166,176,171,178,157,144,135,184,179,190,126,195,58,6,200,1
1631111,Wendell Moore Jr.,Wendell,1610612750,MIN,21.0,1,0,1,0.0,2.1,0.0,0.0,0.0,0.0,0.0,0.0,0.0,0.0,0.0,0.0,0.0,0.0,0.0,1.0,0.0,0.0,0.0,0.0,0.0,0.0,1.0,-1.0,0,0,0.0,199,186,179,186,203,185,204,185,150,178,150,159,161,159,162,194,197,180,70,157,144,135,184,179,190,53,212,58,6,206,1
1629117,Wenyen Gabriel,Wenyen,1610612747,LAL,26.0,10,6,4,0.6,3.7,0.4,1.0,0.4,0.0,0.0,0.0,0.2,0.3,0.667,0.8,0.1,0.9,0.0,0.2,0.2,0.3,0.0,0.8,0.3,1.0,-1.0,3.4,0,0,2.9,62,43,53,33,177,172,174,133,150,178,150,150,151,117,77,193,165,180,161,141,90,135,158,153,173,103,166,58,6,170,1
202083,Wesley Matthews,Wesley,1610612749,MIL,36.0,2,0,2,0.0,20.6,2.0,4.5,0.444,2.0,3.5,0.571,0.0,0.0,0.0,0.5,1.0,1.5,0.5,0.0,1.0,0.5,0.5,1.5,1.0,6.0,-16.0,13.1,0,0,13.0,180,186,164,186,101,114,115,99,34,85,8,159,161,159,113,140,136,146,178,38,48,63,119,102,113,213,115,58,6,116,1
1630214,Xavier Tillman,Xavier,1610612763,MEM,24.0,6,2,4,0.333,30.5,4.0,7.5,0.533,0.2,0.7,0.25,0.5,0.8,0.6,2.8,5.2,8.0,3.2,0.7,0.7,0.7,1.3,2.8,0.8,8.7,-0.8,26.4,1,0,22.7,93,102,53,124,57,68,81,40,136,150,124,119,114,134,13,30,21,43,112,70,36,12,33,117,85,100,57,37,6,65,1
1629139,Yuta Watanabe,Yuta,1610612751,BKN,28.0,1,0,1,0.0,4.7,1.0,2.0,0.5,1.0,2.0,0.5,0.0,2.0,0.0,0.0,1.0,1.0,0.0,1.0,0.0,0.0,0.0,0.0,1.0,3.0,-4.0,3.2,0,0,5.0,199,186,179,186,168,143,152,53,90,109,10,159,57,159,162,140,154,180,70,157,144,135,184,102,142,166,170,58,6,149,1
1630192,Zeke Nnaji,Zeke,1610612743,DEN,22.0,5,5,0,1.0,2.4,0.4,0.8,0.5,0.2,0.6,0.333,0.0,0.0,0.0,0.0,0.4,0.4,0.0,0.2,0.2,0.0,0.0,0.0,0.0,1.0,-1.2,1.9,0,0,2.0,117,67,203,1,200,172,189,53,133,154,81,159,161,159,162,181,187,180,161,141,144,135,184,179,173,111,184,58,6,181,1
1630533,Ziaire Williams,Ziaire,1610612763,MEM,21.0,4,2,2,0.5,3.0,0.5,1.8,0.286,0.3,0.8,0.333,0.0,0.0,0.0,0.0,0.5,0.5,0.5,0.5,0.0,0.0,0.3,0.3,0.3,1.3,-2.3,2.1,0,0,2.5,152,102,164,71,190,164,163,171,129,146,81,159,161,159,162,171,178,146,123,157,144,93,177,157,169,135,183,58,6,178,1
